year,prescribers,opioid_prescribers,opioid_claims,total_claims,opioid_rate,la_opioid_rate,opioid_rate_index_2013,all_drug_deaths,opioid_deaths,synthetic_opioid_deaths,rx_opioid_deaths,heroin_deaths,synthetic_share_pct
2013,1047506,813664,79513328.0,1365653603.0,5.82,12.73,100.0,,,,,,
2014,1071919,820959,81034560.0,1413101971.0,5.73,12.75,98.5,,,,,,
2015,1101230,812650,79514532.0,1446197199.0,5.50,13.12,94.5,52623.0,33203.0,9610.0,12747.0,13051.0,28.9
2016,1130557,817313,78817033.0,1480086428.0,5.33,12.88,91.6,63938.0,42435.0,19500.0,14534.0,15551.0,46.0
2017,1161836,819661,75533403.0,1493386839.0,5.06,12.45,86.9,70699.0,47885.0,28659.0,14559.0,15593.0,59.8
2018,1203497,812850,70196110.0,1498459735.0,4.68,11.79,80.4,67850.0,47096.0,31525.0,12620.0,15102.0,66.9
2019,1239382,803551,66139128.0,1501151487.0,4.41,11.02,75.8,71130.0,50178.0,36603.0,11941.0,14116.0,72.9
2020,1254046,783760,63089468.0,1495406106.0,4.22,10.53,72.5,92478.0,69061.0,56894.0,13518.0,13253.0,82.4
2021,1286336,784670,61178886.0,1498082887.0,4.08,9.90,70.1,107573.0,80997.0,71143.0,13674.0,9263.0,87.8
2022,1330828,788440,59779008.0,1541469961.0,3.88,9.37,66.7,109413.0,82851.0,74829.0,11934.0,5958.0,90.3
2023,1379131,796960,59311234.0,1614516164.0,3.67,8.88,63.1,106881.0,80719.0,74091.0,10180.0,4062.0,91.8
2024,1415649,808192,60244349.0,1709090679.0,3.52,8.44,60.5,80860.0,55007.0,48662.0,8034.0,2794.0,88.5
