year,specialty_group,eligible_prescribers,high_outliers,opioid_claims,outlier_opioid_claims,outlier_share_of_claims_pct
2019,Dental,23275,190,1123089.0,21540.0,1.9
2019,Emergency & Hospital Medicine,33677,88,1517995.0,80053.0,5.3
2019,Hospice & Palliative Care,595,0,122627.0,,
2019,Nurse Practitioner / PA,162847,1630,14277716.0,1644629.0,11.5
2019,Oncology & Hematology,11863,117,1024492.0,34033.0,3.3
2019,Other / Non-physician,6147,58,99561.0,37888.0,38.1
2019,Other Medical Specialties,83910,504,1706340.0,210917.0,12.4
2019,Pain Medicine & Anesthesiology,6334,1,7808333.0,715.0,0.0
2019,Physical Medicine & Rehab,6341,43,2962776.0,78791.0,2.7
2019,Primary Care,165149,1451,27659661.0,967280.0,3.5
2019,"Psychiatry, Neurology & Addiction",32733,244,850319.0,261069.0,30.7
2019,Residents & Trainees,10576,105,106605.0,9734.0,9.1
2019,Surgery & Procedural,55210,270,4233312.0,41282.0,1.0
2020,Dental,21995,179,1036961.0,19786.0,1.9
2020,Emergency & Hospital Medicine,29604,101,1199351.0,99550.0,8.3
2020,Hospice & Palliative Care,679,0,147947.0,,
2020,Nurse Practitioner / PA,167924,1684,14513734.0,1754956.0,12.1
2020,Oncology & Hematology,11823,118,993685.0,38568.0,3.9
2020,Other / Non-physician,5598,49,92037.0,32675.0,35.5
2020,Other Medical Specialties,87326,530,1531858.0,209336.0,13.7
2020,Pain Medicine & Anesthesiology,6288,0,7845371.0,,
2020,Physical Medicine & Rehab,6264,64,2874894.0,152153.0,5.3
2020,Primary Care,161676,1375,25618920.0,901334.0,3.5
2020,"Psychiatry, Neurology & Addiction",33675,238,774364.0,241788.0,31.2
2020,Residents & Trainees,10903,107,99329.0,9697.0,9.8
2020,Surgery & Procedural,51897,290,3785553.0,41025.0,1.1
2021,Dental,25202,211,1219590.0,23719.0,1.9
2021,Emergency & Hospital Medicine,32316,109,1306023.0,117852.0,9.0
2021,Hospice & Palliative Care,748,0,168979.0,,
2021,Nurse Practitioner / PA,183999,1840,15150123.0,1866980.0,12.3
2021,Oncology & Hematology,11824,115,943600.0,36215.0,3.8
2021,Other / Non-physician,3936,32,90102.0,24664.0,27.4
2021,Other Medical Specialties,89996,512,1374898.0,204008.0,14.8
2021,Pain Medicine & Anesthesiology,6282,0,7544171.0,,
2021,Physical Medicine & Rehab,6328,65,2707416.0,120390.0,4.4
2021,Primary Care,160996,1377,23444956.0,872847.0,3.7
2021,"Psychiatry, Neurology & Addiction",34179,239,703781.0,227444.0,32.3
2021,Residents & Trainees,11952,119,106751.0,9710.0,9.1
2021,Surgery & Procedural,53287,263,3904580.0,38522.0,1.0
2022,Dental,25701,218,1229825.0,25661.0,2.1
2022,Emergency & Hospital Medicine,35008,119,1361344.0,92711.0,6.8
2022,Hospice & Palliative Care,781,0,187788.0,,
2022,Nurse Practitioner / PA,203960,2042,15732276.0,2028907.0,12.9
2022,Oncology & Hematology,11828,110,913191.0,34654.0,3.8
2022,Other / Non-physician,4584,37,81941.0,24702.0,30.1
2022,Other Medical Specialties,93615,526,1222396.0,193042.0,15.8
2022,Pain Medicine & Anesthesiology,6308,0,7402013.0,,
2022,Physical Medicine & Rehab,6364,65,2599702.0,144097.0,5.5
2022,Primary Care,161539,1376,21966963.0,878984.0,4.0
2022,"Psychiatry, Neurology & Addiction",34429,224,624200.0,209002.0,33.5
2022,Residents & Trainees,12627,127,106233.0,11073.0,10.4
2022,Surgery & Procedural,53762,272,3922222.0,36294.0,0.9
2023,Dental,26889,234,1252737.0,28670.0,2.3
2023,Emergency & Hospital Medicine,37652,136,1433220.0,89486.0,6.2
2023,Hospice & Palliative Care,856,0,203632.0,,
2023,Nurse Practitioner / PA,224179,2242,16496065.0,2209162.0,13.4
2023,Oncology & Hematology,11827,115,879394.0,37041.0,4.2
2023,Other / Non-physician,15286,111,79081.0,44450.0,56.2
2023,Other Medical Specialties,97000,526,1114083.0,186846.0,16.8
2023,Pain Medicine & Anesthesiology,6336,0,7384798.0,,
2023,Physical Medicine & Rehab,6535,67,2581638.0,164163.0,6.4
2023,Primary Care,163123,1398,20848436.0,840288.0,4.0
2023,"Psychiatry, Neurology & Addiction",34351,216,572413.0,197267.0,34.5
2023,Residents & Trainees,13440,129,108262.0,10726.0,9.9
2023,Surgery & Procedural,54538,310,3981316.0,43068.0,1.1
2024,Dental,27758,233,1261076.0,30604.0,2.4
2024,Emergency & Hospital Medicine,39862,158,1518039.0,96512.0,6.4
2024,Hospice & Palliative Care,950,0,239644.0,,
2024,Nurse Practitioner / PA,244502,2445,17675403.0,2475812.0,14.0
2024,Oncology & Hematology,12026,116,876545.0,32428.0,3.7
2024,Other / Non-physician,11117,94,74691.0,37525.0,50.2
2024,Other Medical Specialties,100602,519,1042666.0,176796.0,17.0
2024,Pain Medicine & Anesthesiology,6315,0,7440193.0,,
2024,Physical Medicine & Rehab,6707,69,2587320.0,195095.0,7.5
2024,Primary Care,165148,1386,20402712.0,829938.0,4.1
2024,"Psychiatry, Neurology & Addiction",34842,207,554848.0,198083.0,35.7
2024,Residents & Trainees,14112,139,111716.0,10407.0,9.3
2024,Surgery & Procedural,56072,355,4121402.0,56590.0,1.4
