year,area,opioid_rate,la_opioid_rate,prescribers,opioid_prescribers
2013,Urban,5.76,13.79,927203,714948
2013,Rural,6.09,12.25,118865,97552
2014,Urban,5.68,13.81,950294,721925
2014,Rural,5.99,12.21,120091,97851
2015,Urban,5.45,14.19,977466,714863
2015,Rural,5.71,12.50,122298,96693
2016,Urban,5.29,13.97,1004472,719217
2016,Rural,5.49,12.21,124600,97038
2017,Urban,5.03,13.59,1033396,721590
2017,Rural,5.19,11.79,126984,97048
2018,Urban,4.66,13.07,1071746,715986
2018,Rural,4.81,11.05,130513,96065
2019,Urban,4.38,12.39,1104025,707144
2019,Rural,4.52,10.31,134072,95580
2020,Urban,4.20,11.99,1117151,689299
2020,Rural,4.32,9.74,135610,93661
2021,Urban,4.06,11.36,1147162,690524
2021,Rural,4.18,9.22,138066,93479
2022,Urban,3.86,10.83,1188868,694765
2022,Rural,3.97,8.71,140884,93051
2023,Urban,3.65,10.37,1228080,699913
2023,Rural,3.77,8.24,150022,96471
2024,Urban,3.50,9.89,1263251,711143
2024,Rural,3.64,7.89,151384,96484
