year,specialty_group,prescribers,opioid_prescribers,total_claims,opioid_claims,opioid_rate,share_of_all_opioid_claims,la_opioid_rate,avg_days_per_opioid_claim
2019,Dental,137294,96636,11629146.0,1325026.0,11.39,2.0,0.03,3.2
2019,Emergency & Hospital Medicine,65619,59427,21440201.0,1582895.0,7.38,2.4,2.77,8.3
2019,Hospice & Palliative Care,1055,992,646738.0,127160.0,19.66,0.2,36.90,23.0
2019,Nurse Practitioner / PA,298109,190534,271998439.0,14578244.0,5.36,22.5,13.06,21.8
2019,Oncology & Hematology,19200,17747,11421344.0,1046497.0,9.16,1.6,20.12,20.2
2019,Other / Non-physician,31223,2707,5088320.0,104659.0,2.06,0.2,21.22,23.3
2019,Other Medical Specialties,147107,50671,195265155.0,1714820.0,0.88,2.6,5.99,23.6
2019,Pain Medicine & Anesthesiology,11008,8023,14057898.0,7825423.0,55.67,12.1,20.32,27.8
2019,Physical Medicine & Rehab,10517,9137,8440454.0,2978910.0,35.29,4.6,19.08,26.3
2019,Primary Care,256057,201966,815912820.0,27686500.0,3.39,42.8,8.46,23.0
2019,"Psychiatry, Neurology & Addiction",56898,16296,66869633.0,852046.0,1.27,1.3,16.73,26.5
2019,Residents & Trainees,58367,32651,7177568.0,230161.0,3.21,0.4,1.92,9.0
2019,Surgery & Procedural,136957,111172,42888115.0,4709531.0,10.98,7.3,1.06,8.6
2020,Dental,133327,92008,10984615.0,1224255.0,11.15,2.0,0.03,3.1
2020,Emergency & Hospital Medicine,67673,59857,19262634.0,1274012.0,6.61,2.1,3.34,9.2
2020,Hospice & Palliative Care,1140,1057,768640.0,152432.0,19.83,0.2,35.55,23.1
2020,Nurse Practitioner / PA,313726,193911,292042752.0,14826136.0,5.08,24.0,12.43,22.0
2020,Oncology & Hematology,19434,17684,11743412.0,1014490.0,8.64,1.6,19.10,20.2
2020,Other / Non-physician,32109,2285,5266252.0,96314.0,1.83,0.2,20.38,23.2
2020,Other Medical Specialties,147200,45424,193257837.0,1539727.0,0.80,2.5,5.79,23.7
2020,Pain Medicine & Anesthesiology,10815,7777,14262567.0,7860119.0,55.11,12.7,18.92,27.8
2020,Physical Medicine & Rehab,10602,9058,8514448.0,2889843.0,33.94,4.7,17.76,26.2
2020,Primary Care,255338,196407,797655176.0,25645069.0,3.22,41.5,7.78,23.0
2020,"Psychiatry, Neurology & Addiction",56876,14320,65673498.0,776059.0,1.18,1.3,15.90,26.4
2020,Residents & Trainees,59986,31709,7067656.0,210523.0,2.98,0.3,1.89,9.1
2020,Surgery & Procedural,135025,106874,40755064.0,4233732.0,10.39,6.9,0.97,8.4
2021,Dental,136600,90388,12806402.0,1373114.0,10.72,2.3,0.02,3.0
2021,Emergency & Hospital Medicine,70186,61571,20655005.0,1371459.0,6.64,2.3,3.14,8.9
2021,Hospice & Palliative Care,1213,1145,912206.0,173286.0,19.00,0.3,34.70,22.7
2021,Nurse Practitioner / PA,335722,201269,316778346.0,15459664.0,4.88,25.8,11.68,21.6
2021,Oncology & Hematology,19704,17871,11774937.0,963620.0,8.18,1.6,17.79,19.8
2021,Other / Non-physician,31176,2242,5023740.0,93922.0,1.87,0.2,19.31,22.7
2021,Other Medical Specialties,148383,42146,193924803.0,1381767.0,0.71,2.3,5.52,23.5
2021,Pain Medicine & Anesthesiology,10701,7710,13948598.0,7558224.0,54.19,12.6,17.77,27.7
2021,Physical Medicine & Rehab,10820,9134,8423243.0,2722554.0,32.32,4.5,16.82,26.1
2021,Primary Care,255330,193342,772705874.0,23469611.0,3.04,39.2,7.23,23.0
2021,"Psychiatry, Neurology & Addiction",56975,13281,63292876.0,705380.0,1.11,1.2,15.52,26.4
2021,Residents & Trainees,63371,32398,7446430.0,228297.0,3.07,0.4,1.49,8.1
2021,Surgery & Procedural,135407,106776,41707321.0,4350117.0,10.43,7.3,0.82,8.0
2022,Dental,136735,85801,13294461.0,1361339.0,10.24,2.3,0.02,3.0
2022,Emergency & Hospital Medicine,73122,63858,22763959.0,1411682.0,6.20,2.4,2.47,8.2
2022,Hospice & Palliative Care,1289,1223,993014.0,193178.0,19.45,0.3,33.78,22.5
2022,Nurse Practitioner / PA,366026,212180,351520815.0,16027793.0,4.56,27.4,10.96,21.4
2022,Oncology & Hematology,20069,18115,11926253.0,933211.0,7.82,1.6,16.64,19.7
2022,Other / Non-physician,34456,2185,5518517.0,85588.0,1.55,0.1,18.52,22.3
2022,Other Medical Specialties,150000,38969,196194212.0,1229179.0,0.63,2.1,5.12,23.2
2022,Pain Medicine & Anesthesiology,10771,7689,13903394.0,7415421.0,53.34,12.7,16.79,27.7
2022,Physical Medicine & Rehab,11092,9225,8454880.0,2614220.0,30.92,4.5,15.91,25.9
2022,Primary Care,258116,193069,776440234.0,21988707.0,2.83,37.6,6.75,22.8
2022,"Psychiatry, Neurology & Addiction",57536,12363,61242950.0,625717.0,1.02,1.1,15.40,26.5
2022,Residents & Trainees,65388,32902,7711906.0,233110.0,3.02,0.4,1.35,7.6
2022,Surgery & Procedural,135633,105730,42505025.0,4355731.0,10.25,7.4,0.72,7.7
2023,Dental,137495,83235,14091706.0,1367383.0,9.70,2.4,0.02,3.0
2023,Emergency & Hospital Medicine,75880,66025,26277620.0,1474998.0,5.61,2.5,2.07,7.9
2023,Hospice & Palliative Care,1372,1306,1081476.0,209115.0,19.34,0.4,33.60,22.5
2023,Nurse Practitioner / PA,393893,223264,393550741.0,16792007.0,4.27,28.9,10.28,21.0
2023,Oncology & Hematology,20362,18276,12413582.0,898869.0,7.24,1.5,15.61,19.5
2023,Other / Non-physician,43312,2110,8284982.0,82935.0,1.00,0.1,19.61,22.2
2023,Other Medical Specialties,152285,37103,202811441.0,1120550.0,0.55,1.9,4.61,22.9
2023,Pain Medicine & Anesthesiology,10759,7661,14147668.0,7397574.0,52.29,12.8,15.74,27.6
2023,Physical Medicine & Rehab,11371,9358,8857148.0,2595107.0,29.30,4.5,15.12,25.6
2023,Primary Care,261164,193327,791691828.0,20869568.0,2.64,36.0,6.33,22.6
2023,"Psychiatry, Neurology & Addiction",58024,11848,59521713.0,573850.0,0.96,1.0,15.06,26.5
2023,Residents & Trainees,66426,32851,8039317.0,235674.0,2.93,0.4,1.09,7.1
2023,Surgery & Procedural,136113,105660,44242677.0,4398086.0,9.94,7.6,0.67,7.5
2024,Dental,138942,80585,14833897.0,1360949.0,9.17,2.3,0.02,3.0
2024,Emergency & Hospital Medicine,78595,68288,28442870.0,1556713.0,5.47,2.6,1.94,7.7
2024,Hospice & Palliative Care,1437,1380,1245591.0,245134.0,19.68,0.4,33.19,22.1
2024,Nurse Practitioner / PA,421653,234657,444610353.0,17970784.0,4.04,30.5,9.71,20.7
2024,Oncology & Hematology,20869,18653,13190518.0,894535.0,6.78,1.5,14.64,19.4
2024,Other / Non-physician,38427,2034,7519830.0,77965.0,1.04,0.1,20.21,21.7
2024,Other Medical Specialties,154783,35618,215100234.0,1049663.0,0.49,1.8,4.27,22.7
2024,Pain Medicine & Anesthesiology,10919,7596,14298689.0,7452282.0,52.12,12.6,14.91,27.5
2024,Physical Medicine & Rehab,11673,9533,9085105.0,2600026.0,28.62,4.4,14.01,25.4
2024,Primary Care,264219,194589,814905848.0,20425227.0,2.51,34.6,5.93,22.5
2024,"Psychiatry, Neurology & Addiction",58685,11671,59783271.0,556049.0,0.93,0.9,14.88,26.6
2024,Residents & Trainees,67746,33176,8403788.0,233871.0,2.78,0.4,0.72,6.8
2024,Surgery & Procedural,136848,105532,46973402.0,4524120.0,9.63,7.7,0.65,7.4
