state_abbr,state_name,census_region,avg_opioid_rate,avg_overdose_death_rate,avg_opioid_death_rate,avg_synthetic_death_rate,avg_rx_opioid_death_rate,years_with_opioid_detail
MT,Montana,West,4.91,15.5,9.5,6.3,2.6,5
NM,New Mexico,West,4.36,41.2,28.6,22.0,5.6,6
AZ,Arizona,West,4.63,34.9,24.9,21.0,3.4,6
NE,Nebraska,Midwest,3.72,9.4,5.0,3.9,1.6,2
NV,Nevada,West,5.32,35.0,22.0,14.9,6.2,6
IL,Illinois,Midwest,3.59,26.3,21.4,18.7,3.3,6
LA,Louisiana,South,4.66,43.1,,,,0
AK,Alaska,West,4.47,33.5,25.6,20.8,6.0,6
ME,Maine,Northeast,3.87,39.1,33.8,30.6,4.6,6
CA,California,West,3.76,25.8,16.6,13.9,2.3,6
ID,Idaho,West,5.49,16.9,11.8,8.5,3.8,4
KY,Kentucky,South,4.77,43.7,33.8,30.1,7.3,6
CT,Connecticut,Northeast,3.11,36.8,33.2,30.3,5.0,6
UT,Utah,West,5.77,19.3,13.3,6.4,6.0,6
WV,West Virginia,South,3.65,67.5,56.5,52.7,9.8,6
DE,Delaware,South,3.96,46.0,41.0,37.4,4.0,6
HI,Hawaii,West,3.11,20.1,6.7,4.6,1.8,6
DC,District of Columbia,South,3.01,74.3,58.6,55.8,4.8,6
RI,Rhode Island,Northeast,2.68,36.2,29.0,25.8,3.7,6
MA,Massachusetts,Northeast,3.04,32.5,28.7,27.2,2.9,6
NH,New Hampshire,Northeast,3.52,29.0,25.7,24.1,1.8,6
VT,Vermont,Northeast,3.60,32.9,28.6,26.4,3.5,6
PA,Pennsylvania,Northeast,3.28,36.5,17.6,16.0,2.4,1
MO,Missouri,Midwest,4.41,30.8,22.0,19.7,2.9,6
GA,Georgia,South,4.86,19.6,13.5,10.7,3.8,6
OK,Oklahoma,South,5.36,23.8,13.1,10.0,2.5,6
OH,Ohio,Midwest,3.56,39.5,32.1,30.0,3.1,6
TN,Tennessee,South,4.99,45.5,35.6,32.1,6.6,6
MD,Maryland,South,4.29,39.5,34.9,32.3,4.6,6
VA,Virginia,South,3.76,24.6,20.5,18.5,2.5,6
AR,Arkansas,South,5.16,16.4,9.1,7.5,2.4,3
ND,North Dakota,Midwest,3.14,15.7,11.9,10.5,,1
NJ,New Jersey,Northeast,2.84,29.1,25.6,23.6,3.1,6
AL,Alabama,South,5.83,24.0,20.0,18.1,2.6,3
SC,South Carolina,South,4.46,34.6,27.2,23.3,6.2,6
IN,Indiana,Midwest,4.74,32.5,24.7,21.9,4.7,6
MN,Minnesota,Midwest,3.38,20.1,16.0,14.7,2.2,4
IA,Iowa,Midwest,3.44,13.5,6.7,5.2,1.8,6
CO,Colorado,West,5.15,28.3,18.5,13.7,4.0,6
MS,Mississippi,South,4.35,19.6,13.4,11.0,3.1,6
KS,Kansas,Midwest,4.65,19.8,12.0,9.2,3.0,6
TX,Texas,South,4.15,15.7,8.3,5.5,1.9,6
NY,New York,Northeast,2.28,27.1,22.6,20.3,4.1,6
WY,Wyoming,West,4.74,18.1,11.1,6.4,4.8,6
NC,North Carolina,South,4.68,30.8,25.2,22.3,3.6,5
OR,Oregon,West,5.17,28.9,20.2,15.9,3.1,6
MI,Michigan,Midwest,4.65,26.6,21.5,19.4,3.1,5
WA,Washington,West,4.82,31.4,23.8,19.5,3.1,6
SD,South Dakota,Midwest,3.72,9.6,4.2,3.1,1.5,6
WI,Wisconsin,Midwest,3.79,26.0,20.5,17.9,4.3,6
FL,Florida,South,4.01,31.3,24.0,21.1,4.4,4
