state_fips,state_abbr,state_name,census_region,year,opioid_rate,la_opioid_rate,opioid_claims,opioid_prescribers,population,all_drug_deaths,opioid_deaths,synthetic_opioid_deaths,rx_opioid_deaths,overdose_death_rate,opioid_death_rate,synthetic_death_rate,rx_opioid_death_rate,prescribing_rank,total_claims
32,NV,Nevada,West,2013,8.21,14.79,687721.0,5627,,,,,,,,,,1,8375685.0
40,OK,Oklahoma,South,2013,7.81,12.88,1305759.0,9050,,,,,,,,,,2,16712115.0
49,UT,Utah,West,2013,7.81,14.39,529307.0,6440,,,,,,,,,,2,6773390.0
16,ID,Idaho,West,2013,7.80,16.76,438053.0,3866,,,,,,,,,,4,5615580.0
01,AL,Alabama,South,2013,7.78,9.72,2266194.0,10772,,,,,,,,,,5,29132595.0
08,CO,Colorado,West,2013,7.64,16.35,1100092.0,13758,,,,,,,,,,6,14405070.0
41,OR,Oregon,West,2013,7.61,18.04,1216373.0,11620,,,,,,,,,,7,15985078.0
26,MI,Michigan,Midwest,2013,7.57,12.40,3363740.0,31451,,,,,,,,,,8,44462715.0
47,TN,Tennessee,South,2013,7.42,14.07,2887240.0,18582,,,,,,,,,,9,38934124.0
04,AZ,Arizona,West,2013,7.08,16.24,1549528.0,16241,,,,,,,,,,10,21882973.0
53,WA,Washington,West,2013,7.08,17.36,1596590.0,19030,,,,,,,,,,10,22547874.0
18,IN,Indiana,Midwest,2013,6.96,13.34,2139175.0,15878,,,,,,,,,,12,30713497.0
02,AK,Alaska,West,2013,6.95,19.62,89561.0,1832,,,,,,,,,,13,1289190.0
45,SC,South Carolina,South,2013,6.89,9.75,1450676.0,11365,,,,,,,,,,14,21048112.0
30,MT,Montana,West,2013,6.87,17.81,269920.0,2733,,,,,,,,,,15,3926690.0
05,AR,Arkansas,South,2013,6.77,9.32,1132924.0,6527,,,,,,,,,,16,16742314.0
10,DE,Delaware,South,2013,6.67,19.09,235555.0,2522,,,,,,,,,,17,3530266.0
13,GA,Georgia,South,2013,6.63,10.30,2725548.0,21180,,,,,,,,,,18,41128310.0
35,NM,New Mexico,West,2013,6.61,13.19,449959.0,5265,,,,,,,,,,19,6805590.0
54,WV,West Virginia,South,2013,6.59,8.79,813334.0,5279,,,,,,,,,,20,12341111.0
28,MS,Mississippi,South,2013,6.46,8.06,1108301.0,6805,,,,,,,,,,21,17151708.0
20,KS,Kansas,Midwest,2013,6.42,14.35,867061.0,7271,,,,,,,,,,22,13507150.0
22,LA,Louisiana,South,2013,6.41,8.04,1573516.0,11971,,,,,,,,,,23,24537548.0
37,NC,North Carolina,South,2013,6.38,13.30,3230841.0,26649,,,,,,,,,,24,50641092.0
23,ME,Maine,Northeast,2013,6.37,18.02,428706.0,4565,,,,,,,,,,25,6730980.0
33,NH,New Hampshire,Northeast,2013,6.30,21.31,297165.0,4256,,,,,,,,,,26,4716419.0
21,KY,Kentucky,South,2013,6.26,9.08,1771500.0,10143,,,,,,,,,,27,28320946.0
24,MD,Maryland,South,2013,6.20,16.81,961880.0,16183,,,,,,,,,,28,15504237.0
29,MO,Missouri,Midwest,2013,6.19,12.38,2055773.0,15759,,,,,,,,,,29,33194089.0
48,TX,Texas,South,2013,6.17,8.06,5244965.0,52683,,,,,,,,,,30,84998841.0
56,WY,Wyoming,West,2013,6.06,15.79,97596.0,1333,,,,,,,,,,31,1610263.0
51,VA,Virginia,South,2013,6.04,11.45,1734235.0,19465,,,,,,,,,,32,28689547.0
50,VT,Vermont,Northeast,2013,5.99,22.07,146300.0,1912,,,,,,,,,,33,2442557.0
55,WI,Wisconsin,Midwest,2013,5.98,18.07,1460512.0,15887,,,,,,,,,,34,24433199.0
39,OH,Ohio,Midwest,2013,5.88,11.52,3473960.0,32260,,,,,,,,,,35,59098132.0
06,CA,California,West,2013,5.55,11.93,7313544.0,82831,,,,,,,,,,36,131791753.0
27,MN,Minnesota,Midwest,2013,5.36,15.19,1099080.0,15569,,,,,,,,,,37,20489843.0
12,FL,Florida,South,2013,5.27,12.94,5292792.0,46455,,,,,,,,,,38,100520054.0
46,SD,South Dakota,Midwest,2013,5.25,17.48,211820.0,2426,,,,,,,,,,39,4030910.0
31,NE,Nebraska,Midwest,2013,5.15,14.38,459550.0,5042,,,,,,,,,,40,8917459.0
42,PA,Pennsylvania,Northeast,2013,5.08,15.79,3570460.0,39237,,,,,,,,,,41,70334996.0
17,IL,Illinois,Midwest,2013,5.08,10.60,2332663.0,32097,,,,,,,,,,41,45915731.0
19,IA,Iowa,Midwest,2013,4.94,14.13,813203.0,7675,,,,,,,,,,43,16454241.0
38,ND,North Dakota,Midwest,2013,4.66,17.64,166428.0,2040,,,,,,,,,,44,3569612.0
09,CT,Connecticut,Northeast,2013,4.62,16.95,687293.0,11908,,,,,,,,,,45,14863770.0
11,DC,District of Columbia,South,2013,4.59,11.40,85200.0,3068,,,,,,,,,,46,1856141.0
25,MA,Massachusetts,Northeast,2013,4.59,15.38,1361611.0,24444,,,,,,,,,,46,29665126.0
34,NJ,New Jersey,Northeast,2013,4.35,16.61,1474892.0,21721,,,,,,,,,,48,33903035.0
44,RI,Rhode Island,Northeast,2013,4.22,12.18,259422.0,3616,,,,,,,,,,49,6146812.0
15,HI,Hawaii,West,2013,3.95,14.75,179253.0,2907,,,,,,,,,,50,4533271.0
36,NY,New York,Northeast,2013,3.19,14.68,2879535.0,58460,,,,,,,,,,51,90275362.0
32,NV,Nevada,West,2014,8.04,14.75,699543.0,5815,,,,,,,,,,1,8703784.0
49,UT,Utah,West,2014,7.90,14.57,551134.0,6485,,,,,,,,,,2,6975493.0
01,AL,Alabama,South,2014,7.88,9.76,2270603.0,10684,,,,,,,,,,3,28829582.0
16,ID,Idaho,West,2014,7.78,16.77,445768.0,3924,,,,,,,,,,4,5733223.0
40,OK,Oklahoma,South,2014,7.62,13.66,1298449.0,9111,,,,,,,,,,5,17037897.0
41,OR,Oregon,West,2014,7.58,17.70,1244506.0,11823,,,,,,,,,,6,16421082.0
08,CO,Colorado,West,2014,7.48,15.79,1172937.0,14413,,,,,,,,,,7,15676366.0
26,MI,Michigan,Midwest,2014,7.45,12.46,3456226.0,31858,,,,,,,,,,8,46403475.0
47,TN,Tennessee,South,2014,7.37,13.97,2944591.0,18879,,,,,,,,,,9,39963397.0
53,WA,Washington,West,2014,7.17,17.15,1655912.0,19374,,,,,,,,,,10,23091027.0
04,AZ,Arizona,West,2014,7.08,16.13,1646396.0,16694,,,,,,,,,,11,23254986.0
02,AK,Alaska,West,2014,6.93,19.95,96499.0,1839,,,,,,,,,,12,1393474.0
30,MT,Montana,West,2014,6.81,17.44,268174.0,2821,,,,,,,,,,13,3937649.0
18,IN,Indiana,Midwest,2014,6.68,13.11,2112240.0,16091,,,,,,,,,,14,31641903.0
05,AR,Arkansas,South,2014,6.66,9.32,1151549.0,6627,,,,,,,,,,15,17290721.0
35,NM,New Mexico,West,2014,6.62,12.63,457749.0,5284,,,,,,,,,,16,6913226.0
10,DE,Delaware,South,2014,6.61,19.66,239439.0,2523,,,,,,,,,,17,3624170.0
45,SC,South Carolina,South,2014,6.44,9.67,1586997.0,11762,,,,,,,,,,18,24631989.0
20,KS,Kansas,Midwest,2014,6.40,14.42,880331.0,7434,,,,,,,,,,19,13747163.0
54,WV,West Virginia,South,2014,6.40,8.94,805676.0,5331,,,,,,,,,,19,12593707.0
13,GA,Georgia,South,2014,6.36,10.33,2781397.0,21318,,,,,,,,,,21,43761696.0
37,NC,North Carolina,South,2014,6.33,13.44,3306461.0,26998,,,,,,,,,,22,52260722.0
28,MS,Mississippi,South,2014,6.27,8.27,1097875.0,6837,,,,,,,,,,23,17502715.0
23,ME,Maine,Northeast,2014,6.27,18.24,430031.0,4599,,,,,,,,,,23,6863512.0
22,LA,Louisiana,South,2014,6.27,8.20,1579370.0,12214,,,,,,,,,,23,25208640.0
56,WY,Wyoming,West,2014,6.25,15.87,104857.0,1359,,,,,,,,,,26,1676488.0
24,MD,Maryland,South,2014,6.21,16.95,1057450.0,16362,,,,,,,,,,27,17017839.0
33,NH,New Hampshire,Northeast,2014,6.13,21.12,307382.0,4323,,,,,,,,,,28,5013128.0
29,MO,Missouri,Midwest,2014,6.09,12.29,2112515.0,15808,,,,,,,,,,29,34705503.0
48,TX,Texas,South,2014,6.04,8.32,5276612.0,53424,,,,,,,,,,30,87429606.0
21,KY,Kentucky,South,2014,6.02,8.98,1754338.0,10267,,,,,,,,,,31,29126545.0
55,WI,Wisconsin,Midwest,2014,6.01,17.84,1502778.0,16055,,,,,,,,,,32,25008880.0
50,VT,Vermont,Northeast,2014,5.98,22.18,153505.0,1931,,,,,,,,,,33,2566237.0
51,VA,Virginia,South,2014,5.92,11.34,1763858.0,19720,,,,,,,,,,34,29796813.0
39,OH,Ohio,Midwest,2014,5.69,10.88,3451462.0,32611,,,,,,,,,,35,60649538.0
06,CA,California,West,2014,5.53,12.03,7423385.0,83516,,,,,,,,,,36,134327244.0
27,MN,Minnesota,Midwest,2014,5.40,14.97,1121395.0,15694,,,,,,,,,,37,20749579.0
12,FL,Florida,South,2014,5.31,13.26,5490397.0,46943,,,,,,,,,,38,103477669.0
46,SD,South Dakota,Midwest,2014,5.29,16.79,214346.0,2455,,,,,,,,,,39,4054436.0
31,NE,Nebraska,Midwest,2014,5.08,14.04,463728.0,5180,,,,,,,,,,40,9132493.0
42,PA,Pennsylvania,Northeast,2014,5.08,15.53,3650083.0,39483,,,,,,,,,,40,71838721.0
17,IL,Illinois,Midwest,2014,4.95,10.59,2436107.0,32672,,,,,,,,,,42,49252892.0
19,IA,Iowa,Midwest,2014,4.88,14.03,805950.0,7853,,,,,,,,,,43,16516764.0
38,ND,North Dakota,Midwest,2014,4.71,17.30,167911.0,2106,,,,,,,,,,44,3561219.0
09,CT,Connecticut,Northeast,2014,4.60,16.76,702006.0,12052,,,,,,,,,,45,15274199.0
11,DC,District of Columbia,South,2014,4.59,10.92,89579.0,3168,,,,,,,,,,46,1952862.0
25,MA,Massachusetts,Northeast,2014,4.49,15.45,1384775.0,24442,,,,,,,,,,47,30849203.0
34,NJ,New Jersey,Northeast,2014,4.36,16.48,1504612.0,21783,,,,,,,,,,48,34497410.0
44,RI,Rhode Island,Northeast,2014,3.98,11.87,248003.0,3512,,,,,,,,,,49,6232350.0
15,HI,Hawaii,West,2014,3.90,14.44,171978.0,2885,,,,,,,,,,50,4404506.0
36,NY,New York,Northeast,2014,3.09,14.99,2869772.0,56375,,,,,,,,,,51,93004492.0
32,NV,Nevada,West,2015,7.72,14.79,702606.0,5925,2868531.0,665.0,446.0,36.0,271.0,23.2,15.5,1.3,9.4,1,9099039.0
49,UT,Utah,West,2015,7.69,14.87,573156.0,6700,2983626.0,649.0,451.0,63.0,364.0,21.8,15.1,2.1,12.2,2,7448779.0
01,AL,Alabama,South,2015,7.55,10.19,2180225.0,9890,4854803.0,720.0,,,,14.8,,,,3,28876269.0
40,OK,Oklahoma,South,2015,7.50,14.19,1293157.0,9093,3910518.0,722.0,427.0,92.0,282.0,18.5,10.9,2.4,7.2,4,17241506.0
16,ID,Idaho,West,2015,7.48,16.95,451560.0,4041,1652495.0,214.0,,,,13.0,,,,5,6040276.0
08,CO,Colorado,West,2015,7.34,16.16,1197068.0,14793,5454328.0,913.0,,,,16.7,,,,6,16311679.0
41,OR,Oregon,West,2015,7.30,17.27,1222177.0,12101,4018542.0,497.0,328.0,33.0,147.0,12.4,8.2,0.8,3.7,7,16751893.0
47,TN,Tennessee,South,2015,7.19,13.84,2933086.0,19018,6595354.0,1455.0,1040.0,248.0,652.0,22.1,15.8,3.8,9.9,8,40821511.0
26,MI,Michigan,Midwest,2015,7.07,12.83,3400006.0,31897,9934483.0,1973.0,,,,19.9,,,,9,48068321.0
53,WA,Washington,West,2015,6.98,16.95,1658490.0,19536,7167287.0,1109.0,702.0,65.0,264.0,15.5,9.8,0.9,3.7,10,23745779.0
04,AZ,Arizona,West,2015,6.86,16.53,1657132.0,16886,6832810.0,1267.0,,,,18.5,,,,11,24141975.0
02,AK,Alaska,West,2015,6.83,19.97,91988.0,1839,738430.0,121.0,,,,16.4,,,,12,1346830.0
30,MT,Montana,West,2015,6.69,17.88,265967.0,2929,1031495.0,131.0,,,,12.7,,,,13,3975430.0
35,NM,New Mexico,West,2015,6.56,12.73,473150.0,5395,2090071.0,496.0,353.0,41.0,168.0,23.7,16.9,2.0,8.0,14,7216338.0
10,DE,Delaware,South,2015,6.40,19.64,241337.0,2537,942065.0,195.0,,,,20.7,,,,15,3773409.0
05,AR,Arkansas,South,2015,6.39,9.91,1135940.0,6744,2979732.0,381.0,,,,12.8,,,,16,17778350.0
18,IN,Indiana,Midwest,2015,6.37,12.90,2065611.0,16147,6611442.0,1232.0,,,,18.6,,,,17,32441590.0
56,WY,Wyoming,West,2015,6.23,15.94,107085.0,1363,586389.0,92.0,,,,15.7,,,,18,1718579.0
37,NC,North Carolina,South,2015,6.13,13.70,3240736.0,27401,10037218.0,1537.0,1159.0,301.0,555.0,15.3,11.5,3.0,5.5,19,52824853.0
45,SC,South Carolina,South,2015,6.09,10.02,1543535.0,11700,4896006.0,736.0,537.0,153.0,321.0,15.0,11.0,3.1,6.6,20,25358228.0
20,KS,Kansas,Midwest,2015,6.08,14.93,855283.0,7476,2910717.0,323.0,,,,11.1,,,,21,14063530.0
13,GA,Georgia,South,2015,6.07,10.63,2771181.0,20977,10183353.0,1308.0,868.0,293.0,444.0,12.8,8.5,2.9,4.4,22,45628343.0
28,MS,Mississippi,South,2015,6.06,8.77,1088218.0,6898,2990231.0,333.0,,,,11.1,,,,23,17955011.0
24,MD,Maryland,South,2015,6.04,17.55,1086950.0,16572,5988528.0,1320.0,1130.0,373.0,408.0,22.0,18.9,6.2,6.8,24,17997191.0
23,ME,Maine,Northeast,2015,5.97,18.64,407783.0,4531,1329098.0,267.0,235.0,110.0,105.0,20.1,17.7,8.3,7.9,25,6829690.0
22,LA,Louisiana,South,2015,5.89,8.76,1529881.0,12069,4666998.0,875.0,,,,18.7,,,,26,25985750.0
55,WI,Wisconsin,Midwest,2015,5.86,17.67,1489675.0,16178,5762927.0,873.0,,,,15.1,,,,27,25400104.0
54,WV,West Virginia,South,2015,5.84,9.19,752812.0,5174,1843332.0,729.0,636.0,224.0,360.0,39.5,34.5,12.2,19.5,28,12885425.0
29,MO,Missouri,Midwest,2015,5.75,12.66,2046084.0,14563,6075411.0,1087.0,,,,17.9,,,,29,35593482.0
33,NH,New Hampshire,Northeast,2015,5.74,20.49,311917.0,4342,1337480.0,415.0,378.0,285.0,63.0,31.0,28.3,21.3,4.7,30,5429912.0
21,KY,Kentucky,South,2015,5.73,9.02,1713676.0,10247,4429126.0,1248.0,,,,28.2,,,,31,29883134.0
50,VT,Vermont,Northeast,2015,5.70,22.54,151964.0,1928,625810.0,99.0,77.0,33.0,23.0,15.8,12.3,5.3,3.7,32,2666091.0
51,VA,Virginia,South,2015,5.63,11.72,1720231.0,19760,8367303.0,1002.0,802.0,261.0,274.0,12.0,9.6,3.1,3.3,33,30556561.0
48,TX,Texas,South,2015,5.58,9.18,4990158.0,52294,27468531.0,2579.0,,,,9.4,,,,34,89474302.0
39,OH,Ohio,Midwest,2015,5.37,10.81,3339051.0,32743,11622315.0,3336.0,2733.0,1244.0,693.0,28.7,23.5,10.7,6.0,35,62123255.0
06,CA,California,West,2015,5.25,12.71,7126901.0,82988,38904296.0,4762.0,,,,12.2,,,,36,135824395.0
12,FL,Florida,South,2015,5.19,14.10,5497460.0,41928,20219111.0,3352.0,,,,16.6,,,,37,105829722.0
27,MN,Minnesota,Midwest,2015,5.18,14.86,1096707.0,15597,5484002.0,592.0,,,,10.8,,,,38,21160771.0
46,SD,South Dakota,Midwest,2015,5.16,17.46,211693.0,2462,854663.0,62.0,,,,7.3,,,,39,4105469.0
42,PA,Pennsylvania,Northeast,2015,4.94,15.77,3602055.0,38387,12789838.0,3263.0,,,,25.5,,,,40,72930139.0
31,NE,Nebraska,Midwest,2015,4.85,14.43,450958.0,5255,1892059.0,123.0,,,,6.5,,,,41,9290490.0
17,IL,Illinois,Midwest,2015,4.78,10.83,2425954.0,32975,12859585.0,1864.0,1419.0,277.0,263.0,14.5,11.0,2.2,2.0,42,50798306.0
19,IA,Iowa,Midwest,2015,4.71,14.26,788815.0,7988,3122541.0,300.0,164.0,44.0,75.0,9.6,5.3,1.4,2.4,43,16765020.0
38,ND,North Dakota,Midwest,2015,4.63,17.77,165106.0,2106,755537.0,66.0,,,,8.7,,,,44,3568639.0
11,DC,District of Columbia,South,2015,4.43,10.61,88126.0,3237,677014.0,144.0,112.0,28.0,21.0,21.3,16.5,4.1,3.1,45,1990994.0
09,CT,Connecticut,Northeast,2015,4.38,16.79,698790.0,11963,3588561.0,799.0,686.0,214.0,182.0,22.3,19.1,6.0,5.1,46,15964678.0
25,MA,Massachusetts,Northeast,2015,4.28,15.70,1357978.0,24535,6797484.0,1723.0,1549.0,957.0,217.0,25.3,22.8,14.1,3.2,47,31747990.0
34,NJ,New Jersey,Northeast,2015,4.25,16.65,1503193.0,21664,8870312.0,1423.0,,,,16.0,,,,48,35381064.0
15,HI,Hawaii,West,2015,3.90,14.38,163555.0,2846,1422999.0,171.0,,,,12.0,,,,49,4197156.0
44,RI,Rhode Island,Northeast,2015,3.76,12.63,232963.0,3508,1056886.0,319.0,268.0,144.0,104.0,30.2,25.4,13.6,9.8,50,6202429.0
36,NY,New York,Northeast,2015,3.13,14.67,2957872.0,56241,19657321.0,2761.0,2178.0,668.0,702.0,14.0,11.1,3.4,3.6,51,94633539.0
49,UT,Utah,West,2016,7.53,14.89,584586.0,6808,3044241.0,650.0,475.0,77.0,330.0,21.4,15.6,2.5,10.8,1,7758987.0
32,NV,Nevada,West,2016,7.50,14.50,697640.0,6088,2919555.0,707.0,423.0,50.0,240.0,24.2,14.5,1.7,8.2,2,9301746.0
01,AL,Alabama,South,2016,7.47,9.96,2156773.0,9918,4866824.0,740.0,,,,15.2,,,,3,28862835.0
40,OK,Oklahoma,South,2016,7.34,14.21,1299966.0,9116,3928143.0,803.0,432.0,95.0,282.0,20.4,11.0,2.4,7.2,4,17705867.0
16,ID,Idaho,West,2016,7.32,16.76,454626.0,4106,1684036.0,228.0,,,,13.5,,,,5,6212880.0
08,CO,Colorado,West,2016,7.11,15.95,1186233.0,15174,5543844.0,965.0,,,,17.4,,,,6,16676946.0
47,TN,Tennessee,South,2016,7.00,13.14,2889447.0,19308,6651277.0,1643.0,1200.0,394.0,691.0,24.7,18.0,5.9,10.4,7,41282506.0
41,OR,Oregon,West,2016,6.97,16.33,1181539.0,12219,4093271.0,496.0,306.0,41.0,130.0,12.1,7.5,1.0,3.2,8,16958052.0
02,AK,Alaska,West,2016,6.96,19.32,85471.0,1863,742575.0,129.0,96.0,,46.0,17.4,12.9,,6.2,9,1227258.0
26,MI,Michigan,Midwest,2016,6.75,12.56,3367679.0,32110,9954117.0,2342.0,,,,23.5,,,,10,49926833.0
53,WA,Washington,West,2016,6.72,16.25,1624911.0,19698,7299961.0,1117.0,721.0,94.0,293.0,15.3,9.9,1.3,4.0,11,24163074.0
04,AZ,Arizona,West,2016,6.59,16.36,1630229.0,17026,6944767.0,1393.0,,,,20.1,,,,12,24737283.0
05,AR,Arkansas,South,2016,6.39,9.80,1157998.0,6949,2991815.0,386.0,,,,12.9,,,,13,18131485.0
30,MT,Montana,West,2016,6.36,16.81,261445.0,3003,1042137.0,114.0,,,,10.9,,,,14,4110943.0
35,NM,New Mexico,West,2016,6.25,12.20,460790.0,5413,2092555.0,494.0,356.0,78.0,158.0,23.6,17.0,3.7,7.6,15,7367599.0
18,IN,Indiana,Midwest,2016,6.13,12.35,2075002.0,16421,6637898.0,1506.0,,,,22.7,,,,16,33841661.0
10,DE,Delaware,South,2016,6.01,19.12,237212.0,2609,949989.0,285.0,,,,30.0,,,,17,3946435.0
28,MS,Mississippi,South,2016,5.99,8.61,1098857.0,7025,2990595.0,332.0,,,,11.1,,,,18,18336546.0
37,NC,North Carolina,South,2016,5.98,13.49,3209659.0,27765,10161802.0,1931.0,1497.0,591.0,597.0,19.0,14.7,5.8,5.9,19,53705847.0
13,GA,Georgia,South,2016,5.97,10.57,2816980.0,21371,10308442.0,1370.0,911.0,271.0,455.0,13.3,8.8,2.6,4.4,20,47176880.0
56,WY,Wyoming,West,2016,5.95,14.94,105507.0,1380,585243.0,93.0,,,,15.9,,,,21,1772800.0
45,SC,South Carolina,South,2016,5.95,10.21,1548181.0,11915,4963031.0,871.0,613.0,234.0,341.0,17.5,12.4,4.7,6.9,21,26003853.0
20,KS,Kansas,Midwest,2016,5.91,14.87,845645.0,7580,2912977.0,313.0,,,,10.7,,,,23,14315860.0
24,MD,Maryland,South,2016,5.83,17.75,1087685.0,16636,6007014.0,2074.0,1866.0,1122.0,694.0,34.5,31.1,18.7,11.6,24,18672033.0
22,LA,Louisiana,South,2016,5.82,8.68,1545539.0,12462,4681346.0,1004.0,,,,21.4,,,,25,26555395.0
55,WI,Wisconsin,Midwest,2016,5.59,16.97,1450153.0,16121,5775170.0,1079.0,866.0,287.0,325.0,18.7,15.0,5.0,5.6,26,25929906.0
23,ME,Maine,Northeast,2016,5.58,18.88,386019.0,4472,1332348.0,357.0,306.0,204.0,132.0,26.8,23.0,15.3,9.9,27,6912847.0
29,MO,Missouri,Midwest,2016,5.56,12.32,2018015.0,14528,6091384.0,1386.0,,,,22.8,,,,28,36298427.0
48,TX,Texas,South,2016,5.51,8.97,5062577.0,53406,27914064.0,2812.0,,,,10.1,,,,29,91920916.0
21,KY,Kentucky,South,2016,5.51,8.49,1702567.0,10330,4440306.0,1437.0,,,,32.4,,,,29,30879783.0
50,VT,Vermont,Northeast,2016,5.45,22.27,147819.0,1908,624366.0,136.0,107.0,56.0,24.0,21.8,17.1,9.0,3.8,31,2713112.0
51,VA,Virginia,South,2016,5.37,11.67,1688467.0,19816,8417651.0,1356.0,1117.0,650.0,342.0,16.1,13.3,7.7,4.1,32,31443686.0
54,WV,West Virginia,South,2016,5.30,8.66,688397.0,5064,1832435.0,879.0,734.0,432.0,325.0,48.0,40.1,23.6,17.7,33,12994610.0
12,FL,Florida,South,2016,5.21,14.27,5590144.0,41889,20627237.0,4996.0,,,,24.2,,,,34,107197523.0
33,NH,New Hampshire,Northeast,2016,5.13,20.74,290101.0,4320,1343694.0,458.0,415.0,347.0,68.0,34.1,30.9,25.8,5.1,35,5651347.0
46,SD,South Dakota,Midwest,2016,5.09,16.98,215314.0,2505,863693.0,69.0,41.0,11.0,27.0,8.0,4.7,1.3,3.1,36,4229845.0
39,OH,Ohio,Midwest,2016,5.08,10.51,3225454.0,33011,11640060.0,4326.0,3627.0,2305.0,786.0,37.2,31.2,19.8,6.8,37,63520491.0
06,CA,California,West,2016,5.07,12.37,7026717.0,83338,39149186.0,4755.0,,,,12.1,,,,38,138587101.0
27,MN,Minnesota,Midwest,2016,4.83,14.56,1060612.0,15966,5525360.0,664.0,,,,12.0,,,,39,21965806.0
42,PA,Pennsylvania,Northeast,2016,4.73,15.70,3556984.0,38557,12788468.0,4648.0,,,,36.3,,,,40,75219971.0
31,NE,Nebraska,Midwest,2016,4.72,14.29,453860.0,5284,1906483.0,113.0,,,,5.9,,,,41,9619496.0
17,IL,Illinois,Midwest,2016,4.68,10.53,2408457.0,33363,12821709.0,2427.0,1985.0,927.0,378.0,18.9,15.5,7.2,2.9,42,51466372.0
19,IA,Iowa,Midwest,2016,4.53,14.08,768983.0,8092,3133210.0,314.0,180.0,55.0,85.0,10.0,5.7,1.8,2.7,43,16964357.0
11,DC,District of Columbia,South,2016,4.23,10.67,85444.0,3166,687576.0,300.0,230.0,147.0,42.0,43.6,33.5,21.4,6.1,44,2020267.0
38,ND,North Dakota,Midwest,2016,4.23,17.23,161167.0,2129,756114.0,80.0,,,,10.6,,,,44,3808068.0
09,CT,Connecticut,Northeast,2016,4.14,16.75,678759.0,11746,3579830.0,974.0,869.0,508.0,214.0,27.2,24.3,14.2,6.0,46,16392309.0
34,NJ,New Jersey,Northeast,2016,4.07,16.57,1480741.0,21510,8873584.0,1971.0,,,,22.2,,,,47,36385634.0
25,MA,Massachusetts,Northeast,2016,3.92,15.61,1339996.0,24263,6827280.0,2198.0,1978.0,1552.0,261.0,32.2,29.0,22.7,3.8,48,34177808.0
15,HI,Hawaii,West,2016,3.85,14.06,159040.0,2920,1428885.0,199.0,82.0,11.0,46.0,13.9,5.7,0.8,3.2,49,4135812.0
44,RI,Rhode Island,Northeast,2016,3.55,11.92,223183.0,3516,1057816.0,346.0,297.0,197.0,94.0,32.7,28.1,18.6,8.9,50,6294316.0
36,NY,New York,Northeast,2016,3.01,14.57,2911479.0,55218,19636391.0,3672.0,3064.0,1674.0,910.0,18.7,15.6,8.5,4.6,51,96806272.0
49,UT,Utah,West,2017,7.27,14.62,568307.0,6834,3103540.0,645.0,456.0,88.0,295.0,20.8,14.7,2.8,9.5,1,7820739.0
32,NV,Nevada,West,2017,7.23,14.01,695578.0,6174,2972097.0,756.0,438.0,74.0,253.0,25.4,14.7,2.5,8.5,2,9615489.0
01,AL,Alabama,South,2017,7.21,9.33,2051853.0,9932,4877989.0,807.0,,,,16.5,,,,3,28457799.0
40,OK,Oklahoma,South,2017,7.09,13.95,1267837.0,9056,3933602.0,770.0,387.0,97.0,230.0,19.6,9.8,2.5,5.8,4,17893173.0
16,ID,Idaho,West,2017,7.02,16.13,439991.0,4167,1719745.0,234.0,,,,13.6,,,,5,6271397.0
47,TN,Tennessee,South,2017,6.68,11.99,2743652.0,19420,6714748.0,1783.0,1275.0,600.0,605.0,26.6,19.0,8.9,9.0,6,41051145.0
08,CO,Colorado,West,2017,6.66,15.19,1127939.0,15291,5617421.0,1040.0,,,,18.5,,,,7,16928325.0
41,OR,Oregon,West,2017,6.50,14.80,1102822.0,12242,4147294.0,534.0,344.0,86.0,125.0,12.9,8.3,2.1,3.0,8,16967684.0
02,AK,Alaska,West,2017,6.41,19.36,79349.0,1848,740983.0,141.0,100.0,37.0,46.0,19.0,13.5,5.0,6.2,9,1238310.0
53,WA,Washington,West,2017,6.40,15.47,1553732.0,19842,7427951.0,1168.0,744.0,136.0,248.0,15.7,10.0,1.8,3.3,10,24286370.0
26,MI,Michigan,Midwest,2017,6.30,12.03,3188318.0,32411,9976752.0,2665.0,,,,26.7,,,,11,50634396.0
04,AZ,Arizona,West,2017,6.20,15.78,1552551.0,17110,7048088.0,1555.0,936.0,263.0,350.0,22.1,13.3,3.7,5.0,12,25057852.0
05,AR,Arkansas,South,2017,6.20,9.51,1130357.0,7079,3003855.0,425.0,,,,14.1,,,,12,18228050.0
30,MT,Montana,West,2017,6.00,15.44,255938.0,3041,1053862.0,118.0,,,,11.2,,,,14,4263512.0
18,IN,Indiana,Midwest,2017,5.83,11.51,1999694.0,16447,6662068.0,1835.0,,,,27.5,,,,15,34301941.0
13,GA,Georgia,South,2017,5.76,10.65,2783756.0,21545,10417031.0,1516.0,1003.0,406.0,512.0,14.6,9.6,3.9,4.9,16,48296702.0
20,KS,Kansas,Midwest,2017,5.76,14.39,817382.0,7581,2910892.0,323.0,,,,11.1,,,,16,14198143.0
35,NM,New Mexico,West,2017,5.73,11.16,425586.0,5421,2092844.0,494.0,336.0,75.0,147.0,23.6,16.1,3.6,7.0,18,7422218.0
37,NC,North Carolina,South,2017,5.68,13.19,3054934.0,27910,10275758.0,2369.0,1921.0,1270.0,556.0,23.1,18.7,12.4,5.4,19,53792182.0
45,SC,South Carolina,South,2017,5.64,10.22,1486821.0,12072,5027102.0,1001.0,748.0,397.0,315.0,19.9,14.9,7.9,6.3,20,26342610.0
56,WY,Wyoming,West,2017,5.64,14.48,103269.0,1401,579994.0,66.0,44.0,14.0,30.0,11.4,7.6,2.4,5.2,20,1830610.0
28,MS,Mississippi,South,2017,5.60,8.36,1036180.0,7104,2990674.0,329.0,,,,11.0,,,,22,18509858.0
22,LA,Louisiana,South,2017,5.57,8.44,1493777.0,12658,4673673.0,1102.0,,,,23.6,,,,23,26797415.0
10,DE,Delaware,South,2017,5.49,19.64,222382.0,2612,957942.0,341.0,,,,35.6,,,,24,4049166.0
24,MD,Maryland,South,2017,5.47,17.52,1045696.0,16575,6028186.0,2284.0,2037.0,1598.0,541.0,37.9,33.8,26.5,9.0,25,19129487.0
29,MO,Missouri,Midwest,2017,5.37,12.15,1961972.0,14488,6111382.0,1398.0,,,,22.9,,,,26,36564674.0
48,TX,Texas,South,2017,5.36,8.85,5052520.0,54501,28291024.0,2950.0,,,,10.4,,,,27,94350967.0
21,KY,Kentucky,South,2017,5.32,7.92,1649819.0,10386,4455590.0,1566.0,,,,35.1,,,,28,31027472.0
12,FL,Florida,South,2017,5.17,13.95,5563661.0,44994,20977089.0,5440.0,,,,25.9,,,,29,107515188.0
55,WI,Wisconsin,Midwest,2017,5.11,16.01,1343705.0,16103,5793147.0,1177.0,934.0,464.0,322.0,20.3,16.1,8.0,5.6,30,26288096.0
23,ME,Maine,Northeast,2017,5.07,18.16,351854.0,4322,1335743.0,409.0,348.0,262.0,78.0,30.6,26.1,19.6,5.8,31,6941704.0
06,CA,California,West,2017,4.90,11.85,6809889.0,83794,39337785.0,5028.0,,,,12.8,,,,32,139049933.0
54,WV,West Virginia,South,2017,4.90,8.39,626187.0,5080,1818683.0,997.0,860.0,644.0,284.0,54.8,47.3,35.4,15.6,32,12779461.0
51,VA,Virginia,South,2017,4.87,11.83,1536652.0,19744,8471011.0,1455.0,1198.0,797.0,334.0,17.2,14.1,9.4,3.9,34,31548238.0
50,VT,Vermont,Northeast,2017,4.87,21.44,132847.0,1922,625132.0,128.0,110.0,73.0,27.0,20.5,17.6,11.7,4.3,34,2727367.0
46,SD,South Dakota,Midwest,2017,4.77,16.28,204028.0,2526,873732.0,75.0,37.0,13.0,15.0,8.6,4.2,1.5,1.7,36,4277447.0
39,OH,Ohio,Midwest,2017,4.64,10.35,2983137.0,32951,11665706.0,5138.0,4327.0,3550.0,857.0,44.0,37.1,30.4,7.3,37,64269934.0
33,NH,New Hampshire,Northeast,2017,4.58,20.96,264953.0,4152,1350395.0,478.0,434.0,387.0,51.0,35.4,32.1,28.7,3.8,38,5784538.0
31,NE,Nebraska,Midwest,2017,4.50,14.05,437574.0,5373,1916998.0,157.0,,,,8.2,,,,39,9734364.0
17,IL,Illinois,Midwest,2017,4.50,10.05,2342537.0,33519,12779893.0,2765.0,2214.0,1260.0,484.0,21.6,17.3,9.9,3.8,39,52029841.0
27,MN,Minnesota,Midwest,2017,4.46,13.64,1000691.0,16126,5569283.0,728.0,,,,13.1,,,,41,22459302.0
42,PA,Pennsylvania,Northeast,2017,4.35,15.70,3289886.0,37743,12794679.0,5434.0,,,,42.5,,,,42,75707853.0
19,IA,Iowa,Midwest,2017,4.29,13.62,724692.0,8054,3143734.0,341.0,206.0,97.0,91.0,10.8,6.6,3.1,2.9,43,16885168.0
11,DC,District of Columbia,South,2017,3.95,9.99,80911.0,3189,697079.0,348.0,271.0,203.0,37.0,49.9,38.9,29.1,5.3,44,2050753.0
38,ND,North Dakota,Midwest,2017,3.91,15.39,148028.0,2150,756755.0,76.0,,,,10.0,,,,45,3785207.0
09,CT,Connecticut,Northeast,2017,3.86,15.99,641082.0,11657,3575324.0,1080.0,967.0,696.0,186.0,30.2,27.0,19.5,5.2,46,16625633.0
15,HI,Hawaii,West,2017,3.86,13.69,155385.0,2913,1425763.0,202.0,,,,14.2,,,,46,4028031.0
34,NJ,New Jersey,Northeast,2017,3.79,16.41,1385340.0,20935,8888147.0,2621.0,,,,29.5,,,,48,36549718.0
25,MA,Massachusetts,Northeast,2017,3.58,15.41,1251971.0,23646,6863560.0,2138.0,1896.0,1645.0,240.0,31.2,27.6,24.0,3.5,49,35001772.0
44,RI,Rhode Island,Northeast,2017,3.26,11.54,205316.0,3440,1056554.0,332.0,284.0,208.0,79.0,31.4,26.9,19.7,7.5,50,6298960.0
36,NY,New York,Northeast,2017,2.85,14.11,2789119.0,53482,19593849.0,3937.0,3264.0,2260.0,838.0,20.1,16.7,11.5,4.3,51,97936295.0
01,AL,Alabama,South,2018,6.90,8.36,1938707.0,9869,4891628.0,740.0,,,,15.1,,,,1,28106945.0
49,UT,Utah,West,2018,6.80,13.87,537426.0,6889,3155153.0,630.0,439.0,84.0,283.0,20.0,13.9,2.7,9.0,2,7907035.0
40,OK,Oklahoma,South,2018,6.68,13.13,1190171.0,9063,3943488.0,703.0,300.0,71.0,156.0,17.8,7.6,1.8,4.0,3,17803703.0
16,ID,Idaho,West,2018,6.50,15.19,422838.0,4255,1752074.0,243.0,,,,13.9,,,,4,6506229.0
32,NV,Nevada,West,2018,6.27,13.71,604152.0,5869,3030725.0,741.0,396.0,86.0,221.0,24.4,13.1,2.8,7.3,5,9641913.0
47,TN,Tennessee,South,2018,6.17,10.87,2481486.0,18936,6778180.0,1837.0,1309.0,824.0,504.0,27.1,19.3,12.2,7.4,6,40226477.0
08,CO,Colorado,West,2018,6.12,14.20,1050236.0,15451,5697155.0,1004.0,568.0,130.0,224.0,17.6,10.0,2.3,3.9,7,17163428.0
41,OR,Oregon,West,2018,6.03,13.36,1032013.0,12347,4183538.0,556.0,346.0,96.0,128.0,13.3,8.3,2.3,3.1,8,17110147.0
05,AR,Arkansas,South,2018,5.90,8.56,1065054.0,7116,3012161.0,433.0,,,,14.4,,,,9,18046926.0
53,WA,Washington,West,2018,5.90,14.44,1458542.0,19833,7526793.0,1163.0,732.0,219.0,209.0,15.5,9.7,2.9,2.8,9,24719635.0
02,AK,Alaska,West,2018,5.82,18.63,72795.0,1805,736624.0,105.0,65.0,16.0,33.0,14.3,8.8,2.2,4.5,11,1250855.0
30,MT,Montana,West,2018,5.73,14.59,250158.0,3135,1061818.0,117.0,,,,11.0,,,,12,4367587.0
04,AZ,Arizona,West,2018,5.62,14.80,1421243.0,17019,7164228.0,1730.0,1134.0,527.0,313.0,24.1,15.8,7.4,4.4,13,25292924.0
26,MI,Michigan,Midwest,2018,5.55,11.76,2815486.0,31408,9987286.0,2575.0,2009.0,1535.0,442.0,25.8,20.1,15.4,4.4,14,50756009.0
13,GA,Georgia,South,2018,5.50,10.45,2644972.0,21722,10519389.0,1375.0,853.0,330.0,388.0,13.1,8.1,3.1,3.7,15,48092412.0
20,KS,Kansas,Midwest,2018,5.43,13.39,766156.0,7529,2912748.0,341.0,,,,11.7,,,,16,14111019.0
18,IN,Indiana,Midwest,2018,5.38,10.71,1843454.0,16462,6698481.0,1612.0,,,,24.1,,,,17,34249117.0
22,LA,Louisiana,South,2018,5.35,7.93,1429198.0,12685,4664450.0,1167.0,,,,25.0,,,,18,26719462.0
35,NM,New Mexico,West,2018,5.33,10.25,400898.0,5347,2093754.0,525.0,334.0,103.0,133.0,25.1,16.0,4.9,6.4,19,7524386.0
56,WY,Wyoming,West,2018,5.29,14.57,99569.0,1396,579054.0,61.0,41.0,,28.0,10.5,7.1,,4.8,20,1882687.0
37,NC,North Carolina,South,2018,5.26,12.60,2822279.0,27597,10391358.0,2246.0,1781.0,1280.0,420.0,21.6,17.1,12.3,4.0,21,53706368.0
21,KY,Kentucky,South,2018,5.22,7.18,1587622.0,10328,4464273.0,1336.0,1001.0,743.0,292.0,29.9,22.4,16.6,6.5,22,30442719.0
45,SC,South Carolina,South,2018,5.20,10.13,1380213.0,12152,5091702.0,1106.0,818.0,497.0,332.0,21.7,16.1,9.8,6.5,23,26529907.0
29,MO,Missouri,Midwest,2018,5.07,11.40,1823280.0,14303,6125986.0,1635.0,1153.0,881.0,238.0,26.7,18.8,14.4,3.9,24,35978609.0
48,TX,Texas,South,2018,5.06,8.39,4833107.0,55020,28624564.0,2971.0,,,,10.4,,,,25,95543731.0
24,MD,Maryland,South,2018,4.98,16.73,969928.0,16088,6042153.0,2393.0,2150.0,1890.0,437.0,39.6,35.6,31.3,7.2,26,19464724.0
10,DE,Delaware,South,2018,4.94,19.28,207167.0,2552,966985.0,399.0,361.0,300.0,65.0,41.3,37.3,31.0,6.7,27,4195767.0
28,MS,Mississippi,South,2018,4.93,7.73,900454.0,7163,2982879.0,290.0,,,,9.7,,,,28,18282330.0
12,FL,Florida,South,2018,4.83,13.76,5170763.0,45907,21254926.0,4936.0,,,,23.2,,,,29,107063112.0
55,WI,Wisconsin,Midwest,2018,4.67,14.47,1248105.0,16051,5809319.0,1087.0,850.0,501.0,254.0,18.7,14.6,8.6,4.4,30,26712259.0
06,CA,California,West,2018,4.59,11.26,6399200.0,83030,39437463.0,5494.0,,,,13.9,,,,31,139386198.0
23,ME,Maine,Northeast,2018,4.58,17.07,319189.0,4119,1340123.0,338.0,277.0,226.0,55.0,25.2,20.7,16.9,4.1,32,6963414.0
54,WV,West Virginia,South,2018,4.45,7.68,550823.0,4979,1805953.0,882.0,730.0,574.0,216.0,48.8,40.4,31.8,12.0,33,12380535.0
51,VA,Virginia,South,2018,4.41,11.69,1388036.0,19641,8510920.0,1434.0,1193.0,845.0,254.0,16.8,14.0,9.9,3.0,34,31488501.0
46,SD,South Dakota,Midwest,2018,4.37,15.66,190210.0,2540,879386.0,57.0,27.0,14.0,,6.5,3.1,1.6,,35,4348369.0
50,VT,Vermont,Northeast,2018,4.35,21.21,117296.0,1776,624802.0,144.0,116.0,96.0,18.0,23.0,18.6,15.4,2.9,36,2699094.0
33,NH,New Hampshire,Northeast,2018,4.30,19.90,254560.0,4108,1355064.0,446.0,406.0,379.0,34.0,32.9,30.0,28.0,2.5,37,5917789.0
31,NE,Nebraska,Midwest,2018,4.29,13.79,416621.0,5334,1925512.0,140.0,,,,7.3,,,,38,9711147.0
39,OH,Ohio,Midwest,2018,4.21,9.90,2696898.0,32421,11680892.0,4004.0,3259.0,2818.0,493.0,34.3,27.9,24.1,4.2,39,64045351.0
17,IL,Illinois,Midwest,2018,4.21,9.16,2196328.0,33088,12724685.0,2732.0,2193.0,1593.0,404.0,21.5,17.2,12.5,3.2,39,52165864.0
27,MN,Minnesota,Midwest,2018,4.04,12.90,933763.0,16183,5608762.0,639.0,,,,11.4,,,,41,23115688.0
19,IA,Iowa,Midwest,2018,3.98,12.80,671593.0,8075,3149900.0,277.0,138.0,78.0,53.0,8.8,4.4,2.5,1.7,42,16893360.0
42,PA,Pennsylvania,Northeast,2018,3.96,14.77,3006794.0,36993,12809107.0,4415.0,,,,34.5,,,,43,75965494.0
11,DC,District of Columbia,South,2018,3.81,10.30,80854.0,3147,704147.0,295.0,213.0,182.0,28.0,41.9,30.2,25.8,4.0,44,2123398.0
15,HI,Hawaii,West,2018,3.61,12.89,145845.0,2871,1423102.0,212.0,58.0,15.0,28.0,14.9,4.1,1.1,2.0,45,4035698.0
38,ND,North Dakota,Midwest,2018,3.58,14.06,136499.0,2147,760062.0,70.0,,,,9.2,,,,46,3817466.0
09,CT,Connecticut,Northeast,2018,3.56,14.92,599086.0,11023,3574561.0,1070.0,957.0,779.0,158.0,29.9,26.8,21.8,4.4,47,16819369.0
34,NJ,New Jersey,Northeast,2018,3.41,15.39,1261303.0,20400,8891730.0,2857.0,2564.0,2213.0,411.0,32.1,28.8,24.9,4.6,48,36998355.0
25,MA,Massachusetts,Northeast,2018,3.32,15.04,1186416.0,23338,6885720.0,2238.0,1996.0,1813.0,256.0,32.5,29.0,26.3,3.7,49,35705205.0
44,RI,Rhode Island,Northeast,2018,2.99,10.72,184263.0,3346,1059338.0,331.0,280.0,226.0,61.0,31.2,26.4,21.3,5.8,50,6155210.0
36,NY,New York,Northeast,2018,2.65,13.48,2652993.0,52570,19544098.0,3718.0,3011.0,2209.0,781.0,19.0,15.4,11.3,4.0,51,99929331.0
01,AL,Alabama,South,2019,6.48,7.63,1814583.0,9739,4907965.0,739.0,,,,15.1,,,,1,28008206.0
49,UT,Utah,West,2019,6.41,13.39,518490.0,6846,3203383.0,575.0,399.0,93.0,260.0,17.9,12.5,2.9,8.1,2,8089284.0
16,ID,Idaho,West,2019,6.07,14.04,410737.0,4353,1789060.0,264.0,,,,14.8,,,,3,6763726.0
40,OK,Oklahoma,South,2019,6.00,12.07,1073514.0,8847,3960676.0,618.0,249.0,70.0,108.0,15.6,6.3,1.8,2.7,4,17897973.0
32,NV,Nevada,West,2019,5.99,12.37,588165.0,5842,3090771.0,710.0,411.0,123.0,185.0,23.0,13.3,4.0,6.0,5,9825343.0
47,TN,Tennessee,South,2019,5.69,9.93,2278745.0,18574,6830325.0,2138.0,1566.0,1168.0,476.0,31.3,22.9,17.1,7.0,6,40063673.0
08,CO,Colorado,West,2019,5.67,13.25,986823.0,15273,5758486.0,1100.0,644.0,251.0,238.0,19.1,11.2,4.4,4.1,7,17403100.0
41,OR,Oregon,West,2019,5.66,12.44,981883.0,12375,4216116.0,610.0,326.0,83.0,109.0,14.5,7.7,2.0,2.6,8,17333654.0
05,AR,Arkansas,South,2019,5.58,7.63,998319.0,7258,3020985.0,362.0,,,,12.0,,,,9,17894303.0
30,MT,Montana,West,2019,5.38,13.60,239927.0,3164,1070123.0,139.0,,,,13.0,,,,10,4462635.0
53,WA,Washington,West,2019,5.36,13.44,1350854.0,19722,7614024.0,1251.0,815.0,328.0,198.0,16.4,10.7,4.3,2.6,11,25182239.0
13,GA,Georgia,South,2019,5.31,10.06,2528554.0,21486,10628020.0,1378.0,837.0,383.0,367.0,13.0,7.9,3.6,3.5,12,47614255.0
04,AZ,Arizona,West,2019,5.29,13.55,1359955.0,16578,7291843.0,1981.0,1326.0,824.0,309.0,27.2,18.2,11.3,4.2,13,25693764.0
18,IN,Indiana,Midwest,2019,5.22,9.78,1779078.0,16277,6731010.0,1704.0,1256.0,908.0,358.0,25.3,18.7,13.5,5.3,14,34109580.0
20,KS,Kansas,Midwest,2019,5.18,12.19,729549.0,7486,2912635.0,380.0,171.0,68.0,65.0,13.0,5.9,2.3,2.2,15,14088368.0
22,LA,Louisiana,South,2019,5.15,7.35,1367767.0,12659,4658285.0,1304.0,,,,28.0,,,,16,26579391.0
37,NC,North Carolina,South,2019,5.13,12.03,2722300.0,27598,10501384.0,2236.0,1793.0,1344.0,340.0,21.3,17.1,12.8,3.2,17,53081182.0
21,KY,Kentucky,South,2019,5.12,6.41,1514899.0,10316,4472345.0,1369.0,1024.0,815.0,321.0,30.6,22.9,18.2,7.2,18,29583406.0
26,MI,Michigan,Midwest,2019,5.10,10.93,2595711.0,30583,9984795.0,2358.0,,,,23.6,,,,19,50868312.0
35,NM,New Mexico,West,2019,4.96,9.29,377411.0,5300,2099634.0,609.0,405.0,156.0,145.0,29.0,19.3,7.4,6.9,20,7606036.0
56,WY,Wyoming,West,2019,4.94,13.07,91554.0,1383,580116.0,72.0,43.0,16.0,26.0,12.4,7.4,2.8,4.5,21,1854386.0
02,AK,Alaska,West,2019,4.90,16.19,80311.0,1935,733603.0,133.0,83.0,23.0,41.0,18.1,11.3,3.1,5.6,22,1639104.0
29,MO,Missouri,Midwest,2019,4.87,10.10,1747630.0,14228,6140475.0,1603.0,1105.0,897.0,220.0,26.1,18.0,14.6,3.6,23,35871468.0
45,SC,South Carolina,South,2019,4.84,9.70,1293395.0,12386,5157702.0,1131.0,876.0,575.0,349.0,21.9,17.0,11.1,6.8,24,26700524.0
48,TX,Texas,South,2019,4.82,7.80,4691289.0,54983,28986794.0,3123.0,1452.0,375.0,439.0,10.8,5.0,1.3,1.5,25,97384038.0
24,MD,Maryland,South,2019,4.76,15.92,933513.0,15725,6054954.0,2360.0,2117.0,1926.0,439.0,39.0,35.0,31.8,7.3,26,19594479.0
28,MS,Mississippi,South,2019,4.54,7.22,805204.0,7086,2978227.0,365.0,231.0,130.0,94.0,12.3,7.8,4.4,3.2,27,17719578.0
12,FL,Florida,South,2019,4.47,13.01,4865839.0,45389,21492056.0,5524.0,3981.0,3039.0,1113.0,25.7,18.5,14.1,5.2,28,108893059.0
23,ME,Maine,Northeast,2019,4.40,16.32,305575.0,4145,1345770.0,362.0,317.0,278.0,48.0,26.9,23.6,20.7,3.6,29,6950146.0
55,WI,Wisconsin,Midwest,2019,4.38,13.21,1182328.0,15928,5824581.0,1200.0,929.0,657.0,238.0,20.6,15.9,11.3,4.1,30,26964843.0
06,CA,California,West,2019,4.24,10.71,5888034.0,80941,39437610.0,6363.0,3324.0,1727.0,935.0,16.1,8.4,4.4,2.4,31,138971644.0
10,DE,Delaware,South,2019,4.23,17.62,181569.0,2535,976668.0,423.0,382.0,336.0,50.0,43.3,39.1,34.4,5.1,32,4294537.0
51,VA,Virginia,South,2019,4.22,11.35,1314742.0,19591,8556642.0,1538.0,1252.0,970.0,251.0,18.0,14.6,11.3,2.9,33,31176498.0
54,WV,West Virginia,South,2019,4.14,7.53,494317.0,4881,1795263.0,852.0,665.0,567.0,168.0,47.5,37.0,31.6,9.4,34,11934752.0
50,VT,Vermont,Northeast,2019,4.07,20.14,109415.0,1744,624046.0,118.0,102.0,88.0,21.0,18.9,16.3,14.1,3.4,35,2685316.0
46,SD,South Dakota,Midwest,2019,4.06,14.32,176907.0,2495,887127.0,88.0,38.0,25.0,13.0,9.9,4.3,2.8,1.5,36,4360946.0
31,NE,Nebraska,Midwest,2019,4.05,13.29,392368.0,5312,1932571.0,146.0,,,,7.6,,,,37,9691854.0
17,IL,Illinois,Midwest,2019,4.00,8.20,2077113.0,32614,12667017.0,2775.0,2232.0,1714.0,413.0,21.9,17.6,13.5,3.3,38,51934062.0
33,NH,New Hampshire,Northeast,2019,4.00,18.52,238559.0,4136,1360783.0,395.0,354.0,334.0,33.0,29.0,26.0,24.5,2.4,38,5966688.0
39,OH,Ohio,Midwest,2019,3.94,9.21,2508611.0,32389,11696507.0,4279.0,3484.0,3150.0,405.0,36.6,29.8,26.9,3.5,40,63695561.0
19,IA,Iowa,Midwest,2019,3.77,11.75,634671.0,7831,3159596.0,350.0,157.0,101.0,53.0,11.1,5.0,3.2,1.7,41,16836835.0
27,MN,Minnesota,Midwest,2019,3.76,11.93,878126.0,16098,5640053.0,788.0,,,,14.0,,,,42,23344567.0
42,PA,Pennsylvania,Northeast,2019,3.68,14.01,2777305.0,36391,12798883.0,4444.0,,,,34.7,,,,43,75524535.0
11,DC,District of Columbia,South,2019,3.63,10.39,75262.0,3070,708253.0,367.0,281.0,255.0,24.0,51.8,39.7,36.0,3.4,44,2071246.0
15,HI,Hawaii,West,2019,3.49,12.42,138596.0,2761,1415615.0,245.0,56.0,19.0,25.0,17.3,4.0,1.3,1.8,45,3970008.0
09,CT,Connecticut,Northeast,2019,3.43,14.39,578122.0,10751,3566022.0,1231.0,1119.0,974.0,209.0,34.5,31.4,27.3,5.9,46,16874265.0
38,ND,North Dakota,Midwest,2019,3.39,12.88,129637.0,2146,763724.0,90.0,,,,11.8,,,,47,3826136.0
25,MA,Massachusetts,Northeast,2019,3.26,14.36,1137441.0,23028,6894883.0,2215.0,1977.0,1876.0,232.0,32.1,28.7,27.2,3.4,48,34914678.0
34,NJ,New Jersey,Northeast,2019,3.23,14.22,1211676.0,20211,8891258.0,2774.0,2487.0,2213.0,353.0,31.2,28.0,24.9,4.0,49,37460894.0
44,RI,Rhode Island,Northeast,2019,2.87,10.54,170718.0,3305,1058158.0,317.0,252.0,213.0,41.0,30.0,23.8,20.1,3.9,50,5944591.0
36,NY,New York,Northeast,2019,2.51,12.69,2530757.0,51746,19463131.0,3634.0,2953.0,2348.0,716.0,18.7,15.2,12.1,3.7,51,100966117.0
49,UT,Utah,West,2020,6.20,13.30,515323.0,6842,3283970.0,622.0,443.0,154.0,225.0,18.9,13.5,4.7,6.9,1,8318170.0
01,AL,Alabama,South,2020,6.20,7.22,1745736.0,9576,5032962.0,989.0,,,,19.7,,,,1,28178642.0
32,NV,Nevada,West,2020,5.78,11.68,579293.0,5795,3116851.0,915.0,597.0,300.0,235.0,29.4,19.2,9.6,7.5,3,10023026.0
16,ID,Idaho,West,2020,5.69,13.04,394486.0,4403,1849328.0,280.0,,,,15.1,,,,4,6931999.0
40,OK,Oklahoma,South,2020,5.66,11.23,1017834.0,8267,3965243.0,746.0,305.0,138.0,97.0,18.8,7.7,3.5,2.4,5,17984862.0
08,CO,Colorado,West,2020,5.43,13.08,948125.0,15084,5786873.0,1512.0,987.0,586.0,270.0,26.1,17.1,10.1,4.7,6,17473582.0
41,OR,Oregon,West,2020,5.42,11.75,948049.0,12131,4243544.0,797.0,495.0,239.0,107.0,18.8,11.7,5.6,2.5,7,17480048.0
05,AR,Arkansas,South,2020,5.40,7.16,954089.0,7099,3014399.0,514.0,,,,17.1,,,,8,17659571.0
47,TN,Tennessee,South,2020,5.35,9.14,2140164.0,18146,6927736.0,3090.0,2442.0,2129.0,574.0,44.6,35.2,30.7,8.3,9,40008834.0
30,MT,Montana,West,2020,5.19,12.75,235562.0,3059,1087156.0,157.0,85.0,30.0,35.0,14.4,7.8,2.8,3.2,10,4535824.0
13,GA,Georgia,South,2020,5.17,9.58,2423466.0,21402,10732595.0,1868.0,1259.0,856.0,439.0,17.4,11.7,8.0,4.1,11,46886562.0
53,WA,Washington,West,2020,5.13,13.09,1307618.0,19328,7726812.0,1726.0,1188.0,661.0,235.0,22.3,15.4,8.6,3.0,12,25470434.0
18,IN,Indiana,Midwest,2020,5.04,9.18,1723481.0,16194,6790290.0,2267.0,1828.0,1600.0,405.0,33.4,26.9,23.6,6.0,13,34163839.0
21,KY,Kentucky,South,2020,5.00,5.97,1482717.0,10134,4508271.0,2104.0,1709.0,1522.0,436.0,46.7,37.9,33.8,9.7,14,29650743.0
37,NC,North Carolina,South,2020,4.99,11.85,2653529.0,26976,10450215.0,3121.0,2602.0,2252.0,373.0,29.9,24.9,21.5,3.6,15,53141768.0
20,KS,Kansas,Midwest,2020,4.98,11.25,703029.0,7360,2938274.0,473.0,252.0,159.0,72.0,16.1,8.6,5.4,2.5,16,14111871.0
04,AZ,Arizona,West,2020,4.95,12.85,1299090.0,16128,7186647.0,2644.0,1928.0,1519.0,318.0,36.8,26.8,21.1,4.4,17,26247794.0
22,LA,Louisiana,South,2020,4.92,7.05,1298433.0,12536,4652145.0,1929.0,,,,41.5,,,,18,26378302.0
26,MI,Michigan,Midwest,2020,4.88,10.27,2471299.0,29932,10072294.0,2750.0,2185.0,1929.0,386.0,27.3,21.7,19.2,3.8,19,50594256.0
56,WY,Wyoming,West,2020,4.85,13.18,90598.0,1414,577669.0,101.0,60.0,27.0,29.0,17.5,10.4,4.7,5.0,20,1868969.0
02,AK,Alaska,West,2020,4.75,16.55,80501.0,1810,732906.0,146.0,102.0,61.0,37.0,19.9,13.9,8.3,5.0,21,1693029.0
45,SC,South Carolina,South,2020,4.72,9.21,1235117.0,12533,5131992.0,1729.0,1396.0,1133.0,418.0,33.7,27.2,22.1,8.1,22,26165295.0
29,MO,Missouri,Midwest,2020,4.67,9.25,1669893.0,13952,6155074.0,1915.0,1411.0,1236.0,214.0,31.1,22.9,20.1,3.5,23,35760643.0
35,NM,New Mexico,West,2020,4.63,8.75,351307.0,5084,2118446.0,792.0,532.0,315.0,160.0,37.4,25.1,14.9,7.6,24,7584180.0
24,MD,Maryland,South,2020,4.52,15.43,883641.0,15148,6178387.0,2761.0,2509.0,2335.0,373.0,44.7,40.6,37.8,6.0,25,19537654.0
48,TX,Texas,South,2020,4.49,7.68,4395527.0,53388,29237895.0,4154.0,2095.0,1012.0,535.0,14.2,7.2,3.5,1.8,26,97997200.0
28,MS,Mississippi,South,2020,4.46,6.53,773042.0,6944,2958385.0,532.0,369.0,280.0,114.0,18.0,12.5,9.5,3.9,27,17337892.0
12,FL,Florida,South,2020,4.32,12.41,4818601.0,45335,21591325.0,7568.0,,,,35.1,,,,28,111639093.0
23,ME,Maine,Northeast,2020,4.20,15.86,293751.0,4115,1364546.0,490.0,415.0,359.0,70.0,35.9,30.4,26.3,5.1,29,7001657.0
10,DE,Delaware,South,2020,4.13,16.94,180493.0,2469,991890.0,449.0,411.0,367.0,50.0,45.3,41.4,37.0,5.0,30,4373495.0
55,WI,Wisconsin,Midwest,2020,4.05,12.28,1108826.0,15669,5897371.0,1531.0,1257.0,1076.0,284.0,26.0,21.3,18.2,4.8,31,27360779.0
51,VA,Virginia,South,2020,4.04,10.93,1256642.0,19046,8637303.0,2185.0,1863.0,1640.0,277.0,25.3,21.6,19.0,3.2,32,31127956.0
06,CA,California,West,2020,4.02,10.27,5524000.0,78859,39527808.0,9209.0,5707.0,4195.0,1005.0,23.3,14.4,10.6,2.5,33,137442284.0
54,WV,West Virginia,South,2020,3.94,7.11,460218.0,4770,1791670.0,1331.0,1137.0,1052.0,283.0,74.3,63.5,58.7,15.8,34,11690777.0
31,NE,Nebraska,Midwest,2020,3.87,13.02,376961.0,5227,1963318.0,210.0,,,,10.7,,,,35,9742946.0
46,SD,South Dakota,Midwest,2020,3.87,13.76,167029.0,2468,887808.0,74.0,36.0,25.0,11.0,8.3,4.1,2.8,1.2,35,4321415.0
33,NH,New Hampshire,Northeast,2020,3.84,17.85,231250.0,4021,1378752.0,393.0,347.0,324.0,29.0,28.5,25.2,23.5,2.1,37,6014554.0
50,VT,Vermont,Northeast,2020,3.82,18.57,102342.0,1672,642965.0,186.0,154.0,133.0,28.0,28.9,24.0,20.7,4.4,38,2677595.0
17,IL,Illinois,Midwest,2020,3.82,7.75,1957260.0,31598,12795348.0,3531.0,2953.0,2478.0,513.0,27.6,23.1,19.4,4.0,38,51290738.0
39,OH,Ohio,Midwest,2020,3.75,8.71,2371462.0,31742,11798534.0,5215.0,4397.0,4126.0,440.0,44.2,37.3,35.0,3.7,40,63184607.0
19,IA,Iowa,Midwest,2020,3.55,10.72,591009.0,7467,3191081.0,419.0,213.0,162.0,54.0,13.1,6.7,5.1,1.7,41,16626548.0
27,MN,Minnesota,Midwest,2020,3.54,11.63,829331.0,15533,5710562.0,1065.0,,,,18.6,,,,42,23443118.0
42,PA,Pennsylvania,Northeast,2020,3.50,13.27,2617643.0,34938,12995576.0,5178.0,,,,39.8,,,,43,74755490.0
15,HI,Hawaii,West,2020,3.34,11.74,136296.0,2813,1451130.0,276.0,73.0,34.0,26.0,19.0,5.0,2.3,1.8,44,4075292.0
11,DC,District of Columbia,South,2020,3.28,10.65,65419.0,2836,670958.0,511.0,409.0,384.0,38.0,76.2,61.0,57.2,5.7,45,1996782.0
09,CT,Connecticut,Northeast,2020,3.28,13.97,546409.0,10408,3579643.0,1385.0,1258.0,1150.0,217.0,38.7,35.1,32.1,6.1,45,16656956.0
25,MA,Massachusetts,Northeast,2020,3.22,13.97,1097831.0,22016,6985320.0,2296.0,2059.0,1942.0,266.0,32.9,29.5,27.8,3.8,47,34134466.0
38,ND,North Dakota,Midwest,2020,3.19,11.63,121950.0,2110,779612.0,123.0,,,,15.8,,,,48,3820799.0
34,NJ,New Jersey,Northeast,2020,3.09,13.72,1123098.0,19410,9270476.0,2817.0,2532.0,2324.0,331.0,30.4,27.3,25.1,3.6,49,36371314.0
44,RI,Rhode Island,Northeast,2020,2.85,10.07,164070.0,3180,1096487.0,397.0,330.0,291.0,44.0,36.2,30.1,26.5,4.0,50,5748828.0
36,NY,New York,Northeast,2020,2.43,12.34,2382316.0,49568,20122262.0,5005.0,4290.0,3768.0,955.0,24.9,21.3,18.7,4.7,51,98017989.0
01,AL,Alabama,South,2021,6.00,6.82,1700995.0,9653,5050058.0,1333.0,,,,26.4,,,,1,28366581.0
49,UT,Utah,West,2021,5.97,12.78,510922.0,7119,3339874.0,675.0,453.0,198.0,190.0,20.2,13.6,5.9,5.7,2,8559592.0
32,NV,Nevada,West,2021,5.54,10.98,557886.0,5711,3148472.0,1039.0,622.0,364.0,234.0,33.0,19.8,11.6,7.4,3,10076394.0
16,ID,Idaho,West,2021,5.48,12.11,387528.0,4544,1904855.0,345.0,226.0,150.0,85.0,18.1,11.9,7.9,4.5,4,7066606.0
40,OK,Oklahoma,South,2021,5.47,10.65,989198.0,8217,3992760.0,934.0,444.0,318.0,108.0,23.4,11.1,8.0,2.7,5,18073763.0
41,OR,Oregon,West,2021,5.29,10.85,920443.0,12191,4254691.0,1181.0,783.0,532.0,174.0,27.8,18.4,12.5,4.1,6,17414512.0
08,CO,Colorado,West,2021,5.26,12.58,929751.0,15254,5814368.0,1917.0,1300.0,987.0,290.0,33.0,22.4,17.0,5.0,7,17688807.0
05,AR,Arkansas,South,2021,5.26,6.57,932572.0,7239,3027127.0,627.0,,,,20.7,,,,7,17715122.0
47,TN,Tennessee,South,2021,5.11,8.65,2033851.0,17770,6966687.0,3861.0,3094.0,2850.0,605.0,55.4,44.4,40.9,8.7,9,39804431.0
13,GA,Georgia,South,2021,5.06,9.09,2350170.0,21517,10793038.0,2438.0,1734.0,1379.0,494.0,22.6,16.1,12.8,4.6,10,46468573.0
30,MT,Montana,West,2021,5.05,12.15,230556.0,3124,1106416.0,189.0,108.0,64.0,28.0,17.1,9.8,5.8,2.5,11,4565759.0
53,WA,Washington,West,2021,4.98,12.33,1279065.0,19374,7744316.0,2264.0,1625.0,1215.0,303.0,29.2,21.0,15.7,3.9,12,25692226.0
18,IN,Indiana,Midwest,2021,4.89,8.44,1680310.0,16043,6814223.0,2789.0,2181.0,1985.0,447.0,40.9,32.0,29.1,6.6,13,34343323.0
02,AK,Alaska,West,2021,4.89,16.35,83652.0,1847,734590.0,255.0,198.0,150.0,74.0,34.7,27.0,20.4,10.1,13,1711086.0
37,NC,North Carolina,South,2021,4.85,11.53,2569416.0,27237,10565503.0,3900.0,3285.0,3008.0,463.0,36.9,31.1,28.5,4.4,15,53007722.0
21,KY,Kentucky,South,2021,4.85,5.48,1436162.0,10187,4508348.0,2397.0,1912.0,1731.0,409.0,53.2,42.4,38.4,9.1,15,29602045.0
26,MI,Michigan,Midwest,2021,4.79,9.57,2431291.0,29974,10042362.0,3092.0,2546.0,2295.0,415.0,30.8,25.4,22.9,4.1,17,50809715.0
04,AZ,Arizona,West,2021,4.77,12.15,1261909.0,16049,7274022.0,2780.0,2034.0,1792.0,257.0,38.2,28.0,24.6,3.5,18,26432513.0
22,LA,Louisiana,South,2021,4.76,6.41,1262756.0,12626,4628595.0,2512.0,,,,54.3,,,,19,26538860.0
20,KS,Kansas,Midwest,2021,4.76,10.32,675824.0,7358,2938966.0,682.0,432.0,344.0,109.0,23.2,14.7,11.7,3.7,19,14192994.0
56,WY,Wyoming,West,2021,4.73,11.91,86800.0,1350,579662.0,101.0,62.0,36.0,24.0,17.4,10.7,6.2,4.1,21,1836307.0
45,SC,South Carolina,South,2021,4.63,8.74,1197355.0,12549,5194346.0,2166.0,1732.0,1528.0,373.0,41.7,33.3,29.4,7.2,22,25861142.0
29,MO,Missouri,Midwest,2021,4.55,8.44,1620838.0,13863,6172551.0,2195.0,1614.0,1477.0,187.0,35.6,26.1,23.9,3.0,23,35592458.0
28,MS,Mississippi,South,2021,4.48,6.16,760464.0,7013,2947603.0,746.0,531.0,453.0,135.0,25.3,18.0,15.4,4.6,24,16973699.0
35,NM,New Mexico,West,2021,4.47,8.18,331920.0,4871,2117300.0,1040.0,746.0,595.0,149.0,49.1,35.2,28.1,7.0,25,7418402.0
24,MD,Maryland,South,2021,4.44,14.52,870614.0,15150,6176035.0,2724.0,2457.0,2297.0,280.0,44.1,39.8,37.2,4.5,26,19603239.0
48,TX,Texas,South,2021,4.22,7.40,4152139.0,51986,29572672.0,4912.0,2697.0,1788.0,607.0,16.6,9.1,6.0,2.1,27,98326468.0
12,FL,Florida,South,2021,4.14,11.59,4710619.0,46407,21836698.0,8163.0,6196.0,5602.0,1046.0,37.4,28.4,25.7,4.8,28,113822866.0
10,DE,Delaware,South,2021,4.05,16.61,179027.0,2436,1005130.0,502.0,447.0,409.0,47.0,49.9,44.5,40.7,4.7,29,4423646.0
23,ME,Maine,Northeast,2021,3.99,15.05,282486.0,4164,1379009.0,620.0,552.0,501.0,75.0,45.0,40.0,36.3,5.4,30,7077806.0
55,WI,Wisconsin,Midwest,2021,3.90,11.25,1076042.0,15814,5882128.0,1759.0,1427.0,1293.0,300.0,29.9,24.3,22.0,5.1,31,27587869.0
06,CA,California,West,2021,3.89,9.54,5310187.0,78983,39152927.0,11398.0,7538.0,6411.0,1044.0,29.1,19.3,16.4,2.7,32,136568726.0
51,VA,Virginia,South,2021,3.87,10.21,1206107.0,18944,8660007.0,2603.0,2208.0,2047.0,278.0,30.1,25.5,23.6,3.2,33,31157875.0
31,NE,Nebraska,Midwest,2021,3.83,12.50,371945.0,5241,1964697.0,218.0,116.0,92.0,37.0,11.1,5.9,4.7,1.9,34,9713516.0
54,WV,West Virginia,South,2021,3.81,7.23,434447.0,4698,1785921.0,1506.0,1250.0,1193.0,212.0,84.3,70.0,66.8,11.9,35,11398791.0
46,SD,South Dakota,Midwest,2021,3.77,12.97,162212.0,2514,896303.0,101.0,43.0,32.0,14.0,11.3,4.8,3.6,1.6,36,4302297.0
50,VT,Vermont,Northeast,2021,3.74,17.49,102784.0,1671,647238.0,251.0,221.0,207.0,31.0,38.8,34.1,32.0,4.8,37,2747645.0
17,IL,Illinois,Midwest,2021,3.73,7.15,1931928.0,31554,12703354.0,3786.0,3102.0,2758.0,512.0,29.8,24.4,21.7,4.0,38,51827342.0
33,NH,New Hampshire,Northeast,2021,3.66,17.05,222747.0,4085,1387907.0,433.0,377.0,345.0,37.0,31.2,27.2,24.9,2.7,39,6085118.0
39,OH,Ohio,Midwest,2021,3.64,8.14,2300485.0,32111,11761443.0,5405.0,4479.0,4209.0,412.0,46.0,38.1,35.8,3.5,40,63237011.0
19,IA,Iowa,Midwest,2021,3.52,9.81,585639.0,7550,3199037.0,471.0,258.0,213.0,67.0,14.7,8.1,6.7,2.1,41,16615905.0
27,MN,Minnesota,Midwest,2021,3.45,10.86,819435.0,15558,5714055.0,1344.0,964.0,868.0,164.0,23.5,16.9,15.2,2.9,42,23742192.0
42,PA,Pennsylvania,Northeast,2021,3.37,12.48,2490904.0,35190,13016628.0,5444.0,,,,41.8,,,,43,73910999.0
15,HI,Hawaii,West,2021,3.24,10.44,136544.0,2905,1446909.0,267.0,88.0,48.0,32.0,18.5,6.1,3.3,2.2,44,4213956.0
09,CT,Connecticut,Northeast,2021,3.22,13.19,545364.0,10380,3607765.0,1562.0,1411.0,1303.0,189.0,43.3,39.1,36.1,5.2,45,16930762.0
38,ND,North Dakota,Midwest,2021,3.18,10.89,121941.0,2145,777977.0,136.0,,,,17.5,,,,46,3837649.0
25,MA,Massachusetts,Northeast,2021,3.16,13.33,1082759.0,21903,6996721.0,2555.0,2238.0,2150.0,200.0,36.5,32.0,30.7,2.9,47,34242597.0
11,DC,District of Columbia,South,2021,3.09,8.99,61183.0,2822,669637.0,541.0,418.0,397.0,32.0,80.8,62.4,59.3,4.8,48,1982997.0
34,NJ,New Jersey,Northeast,2021,2.96,12.64,1082606.0,19325,9266509.0,3009.0,2638.0,2466.0,327.0,32.5,28.5,26.6,3.5,49,36554721.0
44,RI,Rhode Island,Northeast,2021,2.86,10.37,162880.0,3232,1097381.0,460.0,387.0,346.0,40.0,41.9,35.3,31.5,3.6,50,5693495.0
36,NY,New York,Northeast,2021,2.37,11.63,2312127.0,49400,19835345.0,5945.0,5024.0,4592.0,994.0,30.0,25.3,23.2,5.0,51,97458650.0
01,AL,Alabama,South,2022,5.69,6.49,1659504.0,9744,5076868.0,1452.0,1076.0,971.0,143.0,28.6,21.2,19.1,2.8,1,29175006.0
49,UT,Utah,West,2022,5.59,12.02,496562.0,7221,3393928.0,646.0,436.0,213.0,181.0,19.0,12.8,6.3,5.3,2,8881967.0
16,ID,Idaho,West,2022,5.44,11.40,392189.0,4650,1942951.0,362.0,251.0,186.0,69.0,18.6,12.9,9.6,3.6,3,7212252.0
40,OK,Oklahoma,South,2022,5.26,10.17,975255.0,8300,4025327.0,1183.0,740.0,626.0,118.0,29.4,18.4,15.6,2.9,4,18531803.0
32,NV,Nevada,West,2022,5.18,10.22,537285.0,5630,3177672.0,1127.0,694.0,491.0,190.0,35.5,21.8,15.5,6.0,5,10364012.0
41,OR,Oregon,West,2022,5.15,10.07,910596.0,12240,4245964.0,1387.0,991.0,859.0,131.0,32.7,23.3,20.2,3.1,6,17665305.0
05,AR,Arkansas,South,2022,5.11,6.29,923690.0,7361,3047429.0,591.0,359.0,292.0,96.0,19.4,11.8,9.6,3.2,7,18088399.0
08,CO,Colorado,West,2022,5.05,12.29,930569.0,15520,5853355.0,1856.0,1207.0,992.0,221.0,31.7,20.6,16.9,3.8,8,18409992.0
47,TN,Tennessee,South,2022,4.85,8.20,1970976.0,17799,7063325.0,3862.0,3084.0,2863.0,462.0,54.7,43.7,40.5,6.5,9,40609333.0
30,MT,Montana,West,2022,4.84,11.18,225583.0,3177,1121533.0,191.0,116.0,89.0,31.0,17.0,10.3,7.9,2.8,10,4662910.0
13,GA,Georgia,South,2022,4.78,8.74,2296669.0,21834,10929992.0,2619.0,1917.0,1657.0,467.0,24.0,17.5,15.2,4.3,11,48019740.0
53,WA,Washington,West,2022,4.76,11.61,1259588.0,19383,7786828.0,2753.0,2101.0,1899.0,232.0,35.4,27.0,24.4,3.0,12,26469543.0
56,WY,Wyoming,West,2022,4.69,11.67,88186.0,1374,581742.0,123.0,79.0,58.0,28.0,21.1,13.6,10.0,4.8,13,1880212.0
21,KY,Kentucky,South,2022,4.66,4.93,1402131.0,10207,4521238.0,2309.0,1803.0,1650.0,328.0,51.1,39.9,36.5,7.3,14,30064378.0
18,IN,Indiana,Midwest,2022,4.64,7.86,1652068.0,16188,6841491.0,2666.0,2051.0,1898.0,328.0,39.0,30.0,27.7,4.8,15,35587021.0
37,NC,North Carolina,South,2022,4.58,11.06,2492099.0,27522,10705768.0,4255.0,3602.0,3339.0,459.0,39.7,33.6,31.2,4.3,16,54385769.0
22,LA,Louisiana,South,2022,4.57,5.89,1243696.0,12782,4600892.0,2433.0,,,,52.9,,,,17,27234346.0
26,MI,Michigan,Midwest,2022,4.57,9.01,2401184.0,30161,10043906.0,2969.0,2409.0,2215.0,293.0,29.6,24.0,22.1,2.9,17,52541230.0
20,KS,Kansas,Midwest,2022,4.55,9.70,662646.0,7396,2938034.0,755.0,509.0,421.0,127.0,25.7,17.3,14.3,4.3,19,14570409.0
04,AZ,Arizona,West,2022,4.51,11.34,1220151.0,16327,7370065.0,2737.0,1965.0,1776.0,211.0,37.1,26.7,24.1,2.9,20,27043239.0
45,SC,South Carolina,South,2022,4.40,8.45,1173184.0,12693,5288957.0,2292.0,1861.0,1667.0,362.0,43.3,35.2,31.5,6.8,21,26684923.0
02,AK,Alaska,West,2022,4.39,13.45,75290.0,1833,733659.0,247.0,185.0,156.0,49.0,33.7,25.2,21.3,6.7,22,1713677.0
28,MS,Mississippi,South,2022,4.34,5.59,745784.0,7131,2941237.0,702.0,497.0,435.0,89.0,23.9,16.9,14.8,3.0,23,17198093.0
29,MO,Missouri,Midwest,2022,4.30,7.83,1557502.0,13792,6179285.0,2212.0,1605.0,1486.0,187.0,35.8,26.0,24.0,3.0,24,36235254.0
24,MD,Maryland,South,2022,4.26,13.82,862484.0,14956,6183257.0,2523.0,2212.0,2047.0,223.0,40.8,35.8,33.1,3.6,25,20254098.0
35,NM,New Mexico,West,2022,4.25,7.45,318419.0,4775,2112859.0,1007.0,722.0,640.0,97.0,47.7,34.2,30.3,4.6,26,7490712.0
48,TX,Texas,South,2022,3.97,7.10,4056850.0,52375,30118002.0,5457.0,3101.0,2387.0,667.0,18.1,10.3,7.9,2.2,27,102240033.0
12,FL,Florida,South,2022,3.92,10.93,4641225.0,47411,22413989.0,7894.0,5833.0,5326.0,920.0,35.2,26.0,23.8,4.1,28,118428477.0
23,ME,Maine,Northeast,2022,3.83,14.67,277283.0,4233,1391585.0,706.0,622.0,573.0,82.0,50.7,44.7,41.2,5.9,29,7246540.0
10,DE,Delaware,South,2022,3.82,16.08,175004.0,2496,1020279.0,544.0,485.0,450.0,34.0,53.3,47.5,44.1,3.3,30,4577970.0
06,CA,California,West,2022,3.70,9.09,5190783.0,77829,39125347.0,11761.0,7929.0,7045.0,955.0,30.1,20.3,18.0,2.4,31,140163899.0
55,WI,Wisconsin,Midwest,2022,3.68,10.71,1046467.0,15939,5903472.0,1780.0,1421.0,1296.0,253.0,30.2,24.1,22.0,4.3,32,28423213.0
31,NE,Nebraska,Midwest,2022,3.67,11.90,361682.0,5303,1972595.0,223.0,,,,11.3,,,,33,9842266.0
46,SD,South Dakota,Midwest,2022,3.64,12.24,159231.0,2574,909156.0,84.0,36.0,28.0,,9.2,4.0,3.1,,34,4373315.0
51,VA,Virginia,South,2022,3.64,9.63,1169833.0,19022,8681038.0,2491.0,2108.0,1972.0,221.0,28.7,24.3,22.7,2.5,34,32145821.0
54,WV,West Virginia,South,2022,3.55,6.51,412072.0,4731,1774003.0,1318.0,1139.0,1074.0,160.0,74.3,64.2,60.5,9.0,36,11605809.0
17,IL,Illinois,Midwest,2022,3.52,6.60,1874644.0,31365,12609577.0,3863.0,3213.0,2946.0,425.0,30.6,25.5,23.4,3.4,37,53322196.0
50,VT,Vermont,Northeast,2022,3.48,16.38,98880.0,1719,647614.0,266.0,232.0,218.0,24.0,41.1,35.8,33.7,3.7,38,2839952.0
39,OH,Ohio,Midwest,2022,3.47,7.65,2247234.0,32504,11764950.0,5144.0,4237.0,3997.0,371.0,43.7,36.0,34.0,3.2,39,64696862.0
33,NH,New Hampshire,Northeast,2022,3.41,15.74,216462.0,4130,1396647.0,484.0,428.0,413.0,13.0,34.7,30.6,29.6,0.9,40,6339948.0
19,IA,Iowa,Midwest,2022,3.38,9.12,572611.0,7651,3201890.0,473.0,237.0,203.0,55.0,14.8,7.4,6.3,1.7,41,16919459.0
27,MN,Minnesota,Midwest,2022,3.33,10.16,816088.0,15731,5727565.0,1392.0,1039.0,958.0,140.0,24.3,18.1,16.7,2.4,42,24506358.0
42,PA,Pennsylvania,Northeast,2022,3.20,12.11,2432685.0,35361,12984655.0,5212.0,,,,40.1,,,,43,76058107.0
38,ND,North Dakota,Midwest,2022,3.06,9.45,120535.0,2150,780191.0,141.0,,,,18.1,,,,44,3935933.0
09,CT,Connecticut,Northeast,2022,3.06,12.58,521953.0,10330,3618707.0,1476.0,1345.0,1253.0,191.0,40.8,37.2,34.6,5.3,44,17056055.0
15,HI,Hawaii,West,2022,3.01,9.50,128668.0,2897,1437812.0,283.0,103.0,75.0,22.0,19.7,7.2,5.2,1.5,46,4276962.0
25,MA,Massachusetts,Northeast,2022,3.00,12.93,1052606.0,21982,7025465.0,2647.0,2334.0,2230.0,226.0,37.7,33.2,31.7,3.2,47,35075781.0
11,DC,District of Columbia,South,2022,2.86,7.49,59775.0,2722,674501.0,575.0,452.0,433.0,41.0,85.2,67.0,64.2,6.1,48,2090764.0
34,NJ,New Jersey,Northeast,2022,2.76,12.03,1042375.0,19396,9298402.0,2945.0,2606.0,2462.0,250.0,31.7,28.0,26.5,2.7,49,37817933.0
44,RI,Rhode Island,Northeast,2022,2.62,9.74,156010.0,3254,1098275.0,452.0,357.0,330.0,45.0,41.2,32.5,30.0,4.1,50,5960772.0
36,NY,New York,Northeast,2022,2.23,10.88,2248437.0,49627,19713025.0,6543.0,5532.0,5106.0,910.0,33.2,28.1,25.9,4.6,51,100619497.0
01,AL,Alabama,South,2023,5.43,6.11,1661292.0,9741,5117850.0,1598.0,1196.0,1099.0,153.0,31.2,23.4,21.5,3.0,1,30586053.0
49,UT,Utah,West,2023,5.35,11.60,506978.0,7392,3449259.0,698.0,497.0,335.0,187.0,20.2,14.4,9.7,5.4,2,9478934.0
16,ID,Idaho,West,2023,5.23,10.88,408089.0,4835,1970497.0,367.0,251.0,200.0,65.0,18.6,12.7,10.1,3.3,3,7808951.0
40,OK,Oklahoma,South,2023,5.00,9.72,968112.0,8343,4062716.0,1258.0,826.0,745.0,109.0,31.0,20.3,18.3,2.7,4,19359608.0
05,AR,Arkansas,South,2023,4.91,5.83,941497.0,7343,3069856.0,517.0,312.0,269.0,77.0,16.8,10.2,8.8,2.5,5,19170523.0
41,OR,Oregon,West,2023,4.83,9.29,873829.0,12415,4250392.0,1851.0,1454.0,1338.0,130.0,43.5,34.2,31.5,3.1,6,18089996.0
08,CO,Colorado,West,2023,4.82,12.24,926893.0,15621,5912240.0,1926.0,1348.0,1184.0,199.0,32.6,22.8,20.0,3.4,7,19225030.0
32,NV,Nevada,West,2023,4.79,9.40,529711.0,5801,3211077.0,1400.0,935.0,772.0,172.0,43.6,29.1,24.0,5.4,8,11050620.0
56,WY,Wyoming,West,2023,4.62,10.99,91493.0,1372,584666.0,127.0,84.0,54.0,35.0,21.7,14.4,9.2,6.0,9,1982252.0
30,MT,Montana,West,2023,4.60,10.27,224168.0,3185,1130612.0,184.0,126.0,95.0,26.0,16.3,11.1,8.4,2.3,10,4874818.0
47,TN,Tennessee,South,2023,4.58,7.68,1936578.0,17993,7153029.0,3693.0,2997.0,2840.0,383.0,51.6,41.9,39.7,5.4,11,42288770.0
13,GA,Georgia,South,2023,4.52,8.41,2282443.0,22166,11063669.0,2520.0,1843.0,1642.0,376.0,22.8,16.7,14.8,3.4,12,50482937.0
21,KY,Kentucky,South,2023,4.51,4.67,1407601.0,10230,4549953.0,2131.0,1662.0,1509.0,270.0,46.8,36.5,33.2,5.9,13,31240645.0
53,WA,Washington,West,2023,4.43,11.06,1251309.0,19513,7838655.0,3512.0,2865.0,2687.0,252.0,44.8,36.5,34.3,3.2,14,28247244.0
18,IN,Indiana,Midwest,2023,4.41,7.41,1653807.0,16281,6881373.0,2193.0,1663.0,1550.0,205.0,31.9,24.2,22.5,3.0,15,37480788.0
26,MI,Michigan,Midwest,2023,4.36,8.59,2405156.0,30149,10062124.0,2885.0,2306.0,2148.0,230.0,28.7,22.9,21.3,2.3,16,55140065.0
37,NC,North Carolina,South,2023,4.36,10.64,2491635.0,28065,10871849.0,3489.0,,,,32.1,,,,16,57195885.0
22,LA,Louisiana,South,2023,4.35,5.63,1247236.0,12840,4598777.0,2255.0,,,,49.0,,,,18,28642210.0
20,KS,Kansas,Midwest,2023,4.31,9.22,655601.0,7521,2949749.0,641.0,414.0,347.0,86.0,21.7,14.0,11.8,2.9,19,15220680.0
04,AZ,Arizona,West,2023,4.24,10.77,1213710.0,16696,7452073.0,2720.0,2009.0,1836.0,200.0,36.5,27.0,24.6,2.7,20,28597590.0
28,MS,Mississippi,South,2023,4.22,5.03,756405.0,7221,2942470.0,633.0,446.0,400.0,73.0,21.5,15.2,13.6,2.5,21,17924513.0
29,MO,Missouri,Midwest,2023,4.13,7.11,1552899.0,13958,6205956.0,2014.0,1476.0,1381.0,138.0,32.5,23.8,22.3,2.2,22,37559731.0
45,SC,South Carolina,South,2023,4.12,7.91,1164557.0,13131,5390798.0,2153.0,1703.0,1552.0,272.0,39.9,31.6,28.8,5.0,23,28269018.0
02,AK,Alaska,West,2023,4.05,12.59,73416.0,1880,734654.0,357.0,286.0,270.0,34.0,48.6,38.9,36.8,4.6,24,1812674.0
24,MD,Maryland,South,2023,4.01,13.10,847127.0,14964,6204927.0,2493.0,2176.0,2034.0,185.0,40.2,35.1,32.8,3.0,25,21104932.0
35,NM,New Mexico,West,2023,4.01,6.80,313125.0,4806,2119349.0,994.0,719.0,655.0,91.0,46.9,33.9,30.9,4.3,25,7814577.0
10,DE,Delaware,South,2023,3.85,16.19,187662.0,2538,1035354.0,527.0,466.0,442.0,29.0,50.9,45.0,42.7,2.8,27,4869698.0
48,TX,Texas,South,2023,3.75,6.73,4061724.0,53273,30719247.0,5727.0,3133.0,2550.0,596.0,18.6,10.2,8.3,1.9,28,108170214.0
12,FL,Florida,South,2023,3.68,10.25,4565843.0,48667,22929248.0,7330.0,5260.0,4801.0,816.0,32.0,22.9,20.9,3.6,29,124177022.0
46,SD,South Dakota,Midwest,2023,3.53,11.85,161324.0,2604,917739.0,84.0,37.0,32.0,,9.2,4.0,3.5,,30,4567881.0
31,NE,Nebraska,Midwest,2023,3.53,11.43,361052.0,5374,1988172.0,171.0,80.0,62.0,25.0,8.6,4.0,3.1,1.3,30,10229784.0
23,ME,Maine,Northeast,2023,3.50,14.00,266992.0,4333,1401992.0,592.0,512.0,487.0,62.0,42.2,36.5,34.7,4.4,32,7622154.0
51,VA,Virginia,South,2023,3.48,9.14,1174528.0,19356,8732034.0,2452.0,2054.0,1926.0,158.0,28.1,23.5,22.1,1.8,33,33770907.0
55,WI,Wisconsin,Midwest,2023,3.45,10.20,1031897.0,15974,5930350.0,1744.0,1406.0,1297.0,249.0,29.4,23.7,21.9,4.2,34,29943270.0
06,CA,California,West,2023,3.44,8.71,5022505.0,78516,39181667.0,12369.0,8653.0,7954.0,827.0,31.6,22.1,20.3,2.1,35,145898757.0
17,IL,Illinois,Midwest,2023,3.32,6.20,1850971.0,31200,12633389.0,3537.0,2907.0,2654.0,361.0,28.0,23.0,21.0,2.9,36,55728874.0
39,OH,Ohio,Midwest,2023,3.32,7.06,2240546.0,32624,11808390.0,4745.0,3810.0,3600.0,329.0,40.2,32.3,30.5,2.8,36,67522593.0
50,VT,Vermont,Northeast,2023,3.29,15.94,95900.0,1661,647722.0,246.0,221.0,211.0,16.0,38.0,34.1,32.6,2.5,38,2918752.0
54,WV,West Virginia,South,2023,3.29,5.50,399845.0,4862,1770036.0,1389.0,1205.0,1158.0,142.0,78.5,68.1,65.4,8.0,38,12151258.0
19,IA,Iowa,Midwest,2023,3.27,8.50,578140.0,7698,3214739.0,447.0,238.0,194.0,65.0,13.9,7.4,6.0,2.0,40,17703851.0
33,NH,New Hampshire,Northeast,2023,3.21,15.40,210728.0,4165,1401530.0,430.0,389.0,369.0,24.0,30.7,27.8,26.3,1.7,41,6561918.0
27,MN,Minnesota,Midwest,2023,3.17,9.66,809667.0,16035,5752998.0,1341.0,1003.0,944.0,97.0,23.3,17.4,16.4,1.7,42,25557173.0
42,PA,Pennsylvania,Northeast,2023,3.03,11.64,2405301.0,35583,13009406.0,4746.0,,,,36.5,,,,43,79281097.0
38,ND,North Dakota,Midwest,2023,3.03,8.55,122933.0,2209,787071.0,127.0,94.0,83.0,,16.1,11.9,10.5,,43,4056297.0
09,CT,Connecticut,Northeast,2023,2.88,12.07,525553.0,10418,3641369.0,1330.0,1202.0,1121.0,151.0,36.5,33.0,30.8,4.1,45,18232450.0
25,MA,Massachusetts,Northeast,2023,2.86,12.51,1043460.0,22176,7073479.0,2380.0,2104.0,2008.0,152.0,33.6,29.7,28.4,2.1,46,36543529.0
15,HI,Hawaii,West,2023,2.85,8.73,126193.0,2936,1434950.0,321.0,130.0,110.0,21.0,22.4,9.1,7.7,1.5,47,4425199.0
34,NJ,New Jersey,Northeast,2023,2.58,11.34,1020614.0,19552,9395315.0,2667.0,2321.0,2172.0,266.0,28.4,24.7,23.1,2.8,48,39613012.0
11,DC,District of Columbia,South,2023,2.57,7.18,56245.0,2736,682559.0,635.0,507.0,493.0,35.0,93.0,74.3,72.2,5.1,49,2191696.0
44,RI,Rhode Island,Northeast,2023,2.46,9.26,153242.0,3365,1101183.0,416.0,345.0,315.0,44.0,37.8,31.3,28.6,4.0,50,6229991.0
36,NY,New York,Northeast,2023,2.13,10.22,2249042.0,50110,19786543.0,6519.0,5505.0,5120.0,799.0,32.9,27.8,25.9,4.0,51,105455030.0
01,AL,Alabama,South,2024,5.19,5.72,1685300.0,9783,5163055.0,1176.0,797.0,714.0,104.0,22.8,15.4,13.8,2.0,1,32457803.0
49,UT,Utah,West,2024,5.10,10.95,529668.0,7645,3502983.0,691.0,451.0,303.0,155.0,19.7,12.9,8.6,4.4,2,10376802.0
16,ID,Idaho,West,2024,5.01,10.52,418542.0,4933,2000872.0,326.0,196.0,125.0,79.0,16.3,9.8,6.2,3.9,3,8348767.0
40,OK,Oklahoma,South,2024,4.76,9.26,995500.0,8500,4097758.0,1017.0,595.0,515.0,75.0,24.8,14.5,12.6,1.8,4,20892918.0
05,AR,Arkansas,South,2024,4.72,5.38,964779.0,7515,3096080.0,389.0,163.0,125.0,47.0,12.6,5.3,4.0,1.5,5,20454103.0
41,OR,Oregon,West,2024,4.68,8.56,903599.0,12742,4265324.0,1529.0,1106.0,998.0,122.0,35.8,25.9,23.4,2.9,6,19305433.0
08,CO,Colorado,West,2024,4.65,12.02,944854.0,15775,5988502.0,1640.0,1016.0,817.0,193.0,27.4,17.0,13.6,3.2,7,20337538.0
32,NV,Nevada,West,2024,4.64,8.85,547563.0,5867,3253543.0,1473.0,937.0,799.0,150.0,45.3,28.8,24.6,4.6,8,11790815.0
56,WY,Wyoming,West,2024,4.58,11.07,98252.0,1396,586722.0,107.0,58.0,32.0,26.0,18.2,9.9,5.5,4.4,9,2146813.0
21,KY,Kentucky,South,2024,4.46,4.35,1478459.0,10463,4584046.0,1538.0,1063.0,934.0,204.0,33.6,23.2,20.4,4.5,10,33185522.0
47,TN,Tennessee,South,2024,4.38,7.34,1942167.0,18281,7251291.0,2555.0,1850.0,1696.0,285.0,35.2,25.5,23.4,3.9,11,44347015.0
30,MT,Montana,West,2024,4.37,9.32,230458.0,3260,1137557.0,171.0,96.0,73.0,27.0,15.0,8.4,6.4,2.4,12,5271302.0
13,GA,Georgia,South,2024,4.32,8.13,2330980.0,22611,11204208.0,2010.0,1265.0,1074.0,308.0,17.9,11.3,9.6,2.7,13,54000363.0
53,WA,Washington,West,2024,4.24,10.60,1271841.0,19947,7927958.0,3183.0,2537.0,2342.0,214.0,40.1,32.0,29.5,2.7,14,29966283.0
18,IN,Indiana,Midwest,2024,4.24,6.98,1694898.0,16502,6934754.0,1695.0,1151.0,1044.0,164.0,24.4,16.6,15.1,2.4,14,39947644.0
26,MI,Michigan,Midwest,2024,4.21,8.12,2432491.0,30430,10099962.0,1945.0,1355.0,1181.0,227.0,19.3,13.4,11.7,2.2,16,57821332.0
22,LA,Louisiana,South,2024,4.18,5.42,1261952.0,12893,4614878.0,1503.0,,,,32.6,,,,17,30155604.0
37,NC,North Carolina,South,2024,4.16,10.41,2511650.0,28656,11052061.0,2771.0,2132.0,1951.0,287.0,25.1,19.3,17.7,2.6,18,60419400.0
20,KS,Kansas,Midwest,2024,4.13,8.55,679448.0,7647,2965252.0,560.0,346.0,286.0,73.0,18.9,11.7,9.6,2.5,19,16433951.0
28,MS,Mississippi,South,2024,4.06,4.64,772216.0,7293,2950172.0,491.0,287.0,250.0,48.0,16.6,9.7,8.5,1.6,20,19032936.0
04,AZ,Arizona,West,2024,4.04,10.20,1226360.0,17070,7556424.0,2531.0,1727.0,1525.0,205.0,33.5,22.9,20.2,2.7,21,30327501.0
45,SC,South Carolina,South,2024,4.03,7.99,1217940.0,13500,5490316.0,1479.0,1047.0,930.0,187.0,26.9,19.1,16.9,3.4,22,30253780.0
29,MO,Missouri,Midwest,2024,3.94,6.50,1566161.0,14084,6243544.0,1482.0,934.0,839.0,125.0,23.7,15.0,13.4,2.0,23,39767865.0
35,NM,New Mexico,West,2024,3.85,6.29,317894.0,4827,2126774.0,784.0,502.0,428.0,63.0,36.9,23.6,20.1,3.0,24,8259530.0
02,AK,Alaska,West,2024,3.82,11.66,73039.0,1903,736537.0,339.0,276.0,255.0,28.0,46.0,37.5,34.6,3.8,25,1910190.0
24,MD,Maryland,South,2024,3.74,12.39,883948.0,15097,6245314.0,1750.0,1457.0,1309.0,188.0,28.0,23.3,21.0,3.0,26,23650084.0
10,DE,Delaware,South,2024,3.66,15.44,191282.0,2550,1050123.0,351.0,299.0,269.0,29.0,33.4,28.5,25.6,2.8,27,5222079.0
48,TX,Texas,South,2024,3.62,6.39,4148789.0,53969,31318578.0,5028.0,2415.0,1870.0,534.0,16.1,7.7,6.0,1.7,28,114580495.0
12,FL,Florida,South,2024,3.52,9.53,4583329.0,49829,23265838.0,5151.0,,,,22.1,,,,29,130246629.0
46,SD,South Dakota,Midwest,2024,3.46,11.37,170925.0,2629,927110.0,89.0,38.0,24.0,15.0,9.6,4.1,2.6,1.6,30,4941942.0
31,NE,Nebraska,Midwest,2024,3.36,11.06,366634.0,5444,2005591.0,145.0,,,,7.2,,,,31,10926659.0
23,ME,Maine,Northeast,2024,3.30,13.40,263912.0,4413,1408438.0,478.0,385.0,346.0,47.0,33.9,27.3,24.6,3.3,32,8003329.0
51,VA,Virginia,South,2024,3.29,8.73,1230843.0,19817,8819642.0,1547.0,1175.0,1064.0,131.0,17.5,13.3,12.1,1.5,33,37421589.0
06,CA,California,West,2024,3.29,8.24,5000310.0,79990,39364774.0,9687.0,5929.0,5265.0,695.0,24.6,15.1,13.4,1.8,33,151798074.0
55,WI,Wisconsin,Midwest,2024,3.25,9.49,1027821.0,16183,5957168.0,1167.0,808.0,708.0,190.0,19.6,13.6,11.9,3.2,35,31636379.0
39,OH,Ohio,Midwest,2024,3.23,6.65,2301446.0,32909,11860621.0,3144.0,2276.0,2084.0,247.0,26.5,19.2,17.6,2.1,36,71144942.0
50,VT,Vermont,Northeast,2024,3.20,16.02,99148.0,1750,646521.0,205.0,175.0,165.0,15.0,31.7,27.1,25.5,2.3,37,3095371.0
54,WV,West Virginia,South,2024,3.19,5.09,413349.0,4945,1767402.0,819.0,636.0,586.0,85.0,46.3,36.0,33.2,4.8,38,12943730.0
19,IA,Iowa,Midwest,2024,3.15,8.06,589308.0,7767,3230454.0,427.0,172.0,125.0,54.0,13.2,5.3,3.9,1.7,39,18689614.0
17,IL,Illinois,Midwest,2024,3.14,5.84,1883440.0,31140,12703033.0,2521.0,1873.0,1668.0,267.0,19.8,14.7,13.1,2.1,40,59899017.0
27,MN,Minnesota,Midwest,2024,3.04,9.63,828469.0,16342,5797405.0,994.0,678.0,610.0,95.0,17.1,11.7,10.5,1.6,41,27269492.0
33,NH,New Hampshire,Northeast,2024,2.97,14.52,208214.0,4146,1408518.0,282.0,246.0,222.0,17.0,20.0,17.5,15.8,1.2,42,7011008.0
38,ND,North Dakota,Midwest,2024,2.97,7.86,130196.0,2301,793387.0,120.0,,,,15.1,,,,42,4384120.0
42,PA,Pennsylvania,Northeast,2024,2.92,11.21,2439569.0,35938,13045848.0,3360.0,2291.0,2082.0,307.0,25.8,17.6,16.0,2.4,44,83411112.0
09,CT,Connecticut,Northeast,2024,2.77,11.92,553327.0,10695,3674449.0,998.0,858.0,766.0,119.0,27.2,23.4,20.8,3.2,45,19962688.0
15,HI,Hawaii,West,2024,2.75,8.39,126680.0,2931,1434952.0,337.0,127.0,108.0,26.0,23.5,8.9,7.5,1.8,46,4605369.0
25,MA,Massachusetts,Northeast,2024,2.71,12.19,1036476.0,22463,7138560.0,1598.0,1341.0,1257.0,122.0,22.4,18.8,17.6,1.7,47,38197381.0
11,DC,District of Columbia,South,2024,2.61,7.75,64607.0,2776,691310.0,408.0,328.0,315.0,25.0,59.0,47.4,45.6,3.6,48,2472699.0
44,RI,Rhode Island,Northeast,2024,2.43,9.76,158640.0,3405,1110415.0,333.0,232.0,202.0,30.0,30.0,20.9,18.2,2.7,49,6537450.0
34,NJ,New Jersey,Northeast,2024,2.42,10.82,1016030.0,19700,9506354.0,1951.0,1598.0,1479.0,190.0,20.5,16.8,15.6,2.0,50,41987755.0
36,NY,New York,Northeast,2024,2.03,9.73,2245185.0,50217,20001419.0,4585.0,3525.0,3174.0,462.0,22.9,17.6,15.9,2.3,51,110647285.0
